date,code,name,open,high,low,close,volume,value
2026-04-01,2308,台達電,1465,1495,1450,1475,12559029,18524567775.0
2026-04-01,2317,鴻海,195,197.5,194.5,197,45229464,8910204408.0
2026-04-01,2330,台積電,1840,1855,1830,1855,46457423,86178519665.0
2026-04-01,2382,廣達,287,291,285,290.5,18751067,5447184963.5
2026-04-01,2454,聯發科,1550,1550,1460,1465,11745526,17207195590.0
2026-04-01,2603,長榮,202,205,201,204.5,7574196,1548923082.0
2026-04-01,3017,奇鋐,2120,2135,2065,2110,4034786,8513398460.0
2026-04-01,3231,緯創,126,127.5,125,127,21099952,2679693904.0
2026-04-01,3661,世芯-KY,2660,2730,2635,2730,1709004,4665580920.0
2026-04-01,6669,緯穎,3425,3480,3385,3420,1398118,4781563560.0
2026-04-02,2308,台達電,1480,1510,1420,1430,9953601,14233649430.0
2026-04-02,2317,鴻海,198,199,191.5,193,41954568,8097231624.0
2026-04-02,2330,台積電,1865,1865,1805,1810,29332490,53091806900.0
2026-04-02,2382,廣達,290.5,291.5,284.5,284.5,11221762,3192591289.0
2026-04-02,2454,聯發科,1500,1510,1445,1465,9301597,13626839605.0
2026-04-02,2603,長榮,204,204.5,201,202.5,6011232,1217274480.0
2026-04-02,3017,奇鋐,2140,2150,2065,2070,3100871,6418802970.0
2026-04-02,3231,緯創,127,128,124,125,15663058,1957882250.0
2026-04-02,3661,世芯-KY,2815,2830,2700,2705,2298688,6217951040.0
2026-04-02,6669,緯穎,3495,3510,3375,3410,1307355,4458080550.0
2026-04-07,2308,台達電,1495,1515,1490,1515,11190572,16953716580.0
2026-04-07,2317,鴻海,195,195.5,189.5,192,36598072,7026829824.0
2026-04-07,2330,台積電,1850,1860,1835,1860,19895445,37005527700.0
2026-04-07,2382,廣達,287,289.5,284,289,9060786,2618567154.0
2026-04-07,2454,聯發科,1480,1480,1430,1470,7645561,11238974670.0
2026-04-07,2603,長榮,203,204.5,202.5,203,4466949,906790647.0
2026-04-07,3017,奇鋐,2150,2175,2015,2030,4775019,9693288570.0
2026-04-07,3231,緯創,124.5,125,123,123.5,19598672,2420435992.0
2026-04-07,3661,世芯-KY,2745,2775,2660,2705,1339834,3624250970.0
2026-04-07,6669,緯穎,3500,3510,3330,3395,966320,3280656400.0
2026-04-08,2308,台達電,1630,1665,1615,1665,13400336,22311559440.0
2026-04-08,2317,鴻海,196.5,202,196.5,201.5,66909375,13482239062.5
2026-04-08,2330,台積電,1935,1950,1925,1950,53813263,104935862850.0
2026-04-08,2382,廣達,295,307.5,293.5,307.5,54410413,16731201997.5
2026-04-08,2454,聯發科,1520,1585,1505,1580,14575742,23029672360.0
2026-04-08,2603,長榮,203.5,203.5,200,202,13540511,2735183222.0
2026-04-08,3017,奇鋐,2200,2230,2150,2230,3868944,8627745120.0
2026-04-08,3231,緯創,126.5,131,126.5,131,40544498,5311329238.0
2026-04-08,3661,世芯-KY,2800,2870,2745,2860,2027754,5799376440.0
2026-04-08,6669,緯穎,3495,3570,3450,3570,1673110,5973002700.0
2026-04-09,2308,台達電,1685,1705,1635,1645,15129409,24887877805.0
2026-04-09,2317,鴻海,201,201.5,198,200,43945793,8789158600.0
2026-04-09,2330,台積電,1945,1955,1930,1955,36054784,70487102720.0
2026-04-09,2382,廣達,304.5,314,295,313,46807353,14650701489.0
2026-04-09,2454,聯發科,1600,1600,1550,1575,8422977,13266188775.0
2026-04-09,2603,長榮,201,203,200,203,7093237,1439927111.0
2026-04-09,3017,奇鋐,2260,2290,2200,2235,4576820,10229192700.0
2026-04-09,3231,緯創,132,132.5,130,132.5,37301163,4942404097.5
2026-04-09,3661,世芯-KY,2885,2930,2830,2895,1639285,4745730075.0
2026-04-09,6669,緯穎,3580,3605,3540,3580,1455609,5211080220.0
2026-04-10,2308,台達電,1690,1750,1675,1735,11557080,20051533800.0
2026-04-10,2317,鴻海,200.5,202.5,199.5,200.5,60470665,12124368332.5
2026-04-10,2330,台積電,1975,2000,1970,2000,39096242,78192484000.0
2026-04-10,2382,廣達,315,327.5,312,321.5,39034675,12549648012.5
2026-04-10,2454,聯發科,1600,1605,1570,1575,5738781,9038580075.0
2026-04-10,2603,長榮,203.5,204,201.5,202.5,8319682,1684735605.0
2026-04-10,3017,奇鋐,2305,2320,2230,2265,3201925,7252360125.0
2026-04-10,3231,緯創,134,136.5,133,135,42081754,5681036790.0
2026-04-10,3661,世芯-KY,2985,3075,2985,3025,1912794,5786201850.0
2026-04-10,6669,緯穎,3615,3670,3550,3630,1303965,4733392950.0
2026-04-13,2308,台達電,1730,1760,1710,1740,7069198,12300404520.0
2026-04-13,2317,鴻海,200,202.5,198.5,200,37375471,7475094200.0
2026-04-13,2330,台積電,1985,1995,1975,1990,31882568,63446310320.0
2026-04-13,2382,廣達,320,320.5,313,319,16849027,5374839613.0
2026-04-13,2454,聯發科,1645,1665,1620,1620,9234745,14960286900.0
2026-04-13,2603,長榮,202.5,203,200,200,8348217,1669643400.0
2026-04-13,3017,奇鋐,2280,2280,2185,2200,3120709,6865559800.0
2026-04-13,3231,緯創,135,136.5,132.5,134.5,26991966,3630419427.0
2026-04-13,3661,世芯-KY,3045,3160,3040,3090,2033831,6284537790.0
2026-04-13,6669,緯穎,3595,3665,3535,3645,1350688,4923257760.0
2026-04-14,2308,台達電,1805,1820,1750,1750,12801739,22403043250.0
2026-04-14,2317,鴻海,204,208,203.5,207.5,58959164,12234026530.0
2026-04-14,2330,台積電,2015,2055,2010,2055,46188401,94917164055.0
2026-04-14,2382,廣達,321,329.5,321,323,20523896,6629218408.0
2026-04-14,2454,聯發科,1645,1745,1640,1720,12902742,22192716240.0
2026-04-14,2603,長榮,202,202,200.5,201,7674459,1542566259.0
2026-04-14,3017,奇鋐,2260,2345,2260,2310,3772108,8713569480.0
2026-04-14,3231,緯創,137,139,136,136.5,38753427,5289842785.5
2026-04-14,3661,世芯-KY,3175,3250,3150,3200,2204920,7055744000.0
2026-04-14,6669,緯穎,3695,3815,3675,3755,2138683,8030754665.0
2026-04-15,2308,台達電,1785,1835,1785,1785,12877432,22986216120.0
2026-04-15,2317,鴻海,211.5,211.5,206.5,207.5,71250931,14784568182.5
2026-04-15,2330,台積電,2065,2100,2060,2080,46824833,97395652640.0
2026-04-15,2382,廣達,324,325,307,308.5,34222733,10557713130.5
2026-04-15,2454,聯發科,1805,1845,1770,1790,22780413,40776939270.0
2026-04-15,2603,長榮,202,204,200.5,203,10154229,2061308487.0
2026-04-15,3017,奇鋐,2375,2375,2310,2325,3238805,7530221625.0
2026-04-15,3231,緯創,137.5,138,132,133,39441685,5245744105.0
2026-04-15,3661,世芯-KY,3280,3325,3200,3210,1849245,5936076450.0
2026-04-15,6669,緯穎,3830,3845,3705,3720,1711999,6368636280.0
2026-04-16,2308,台達電,1835,1845,1785,1845,13254811,24455126295.0
2026-04-16,2317,鴻海,207.5,211,206,207,45261862,9369205434.0
2026-04-16,2330,台積電,2080,2090,2055,2085,35974352,75006523920.0
2026-04-16,2382,廣達,314.5,318.5,311,318.5,19430054,6188472199.0
2026-04-16,2454,聯發科,1850,1930,1810,1895,17931934,33981014930.0
2026-04-16,2603,長榮,203,204.5,200,201.5,13533108,2726921262.0
2026-04-16,3017,奇鋐,2380,2515,2365,2440,4611118,11251127920.0
2026-04-16,3231,緯創,134,135.5,131.5,134,35493258,4756096572.0
2026-04-16,3661,世芯-KY,3260,3530,3255,3475,5172101,17973050975.0
2026-04-16,6669,緯穎,3780,3800,3690,3700,1380449,5107661300.0
2026-04-17,2308,台達電,1865,1870,1830,1840,10769751,19816341840.0
2026-04-17,2317,鴻海,207.5,209.5,203.5,206,48943270,10082313620.0
2026-04-17,2330,台積電,2055,2060,2030,2030,44433257,90199511710.0
2026-04-17,2382,廣達,320,327.5,317.5,323,20083510,6486973730.0
2026-04-17,2454,聯發科,1930,1955,1885,1925,16759982,32262965350.0
2026-04-17,2603,長榮,201.5,201.5,198,198,15107817,2991347766.0
2026-04-17,3017,奇鋐,2435,2485,2375,2400,3933545,9440508000.0
2026-04-17,3231,緯創,133,137,132.5,136.5,36847541,5029689346.5
2026-04-17,3661,世芯-KY,3535,3640,3495,3515,3107471,10922760565.0
2026-04-17,6669,緯穎,3755,3915,3755,3805,2838818,10801702490.0
2026-04-20,2308,台達電,1860,1980,1860,1900,12064485,22922521500.0
2026-04-20,2317,鴻海,206,209.5,204.5,207.5,39312365,8157315737.5
2026-04-20,2330,台積電,2030,2055,2025,2025,30566172,61896498300.0
2026-04-20,2382,廣達,320,330.5,320,329,19861377,6534393033.0
2026-04-20,2454,聯發科,1960,1965,1895,1900,11656022,22146441800.0
2026-04-20,2603,長榮,198.5,199,196,197,14106910,2779061270.0
2026-04-20,3017,奇鋐,2410,2515,2395,2490,3547518,8833319820.0
2026-04-20,3231,緯創,137,141,135.5,140.5,79145783,11119982511.5
2026-04-20,3661,世芯-KY,3620,3695,3570,3625,2985778,10823445250.0
2026-04-20,6669,緯穎,3960,3980,3870,3980,2310356,9195216880.0
2026-04-21,2308,台達電,1950,2035,1930,2015,11917108,24012972620.0
2026-04-21,2317,鴻海,210,213,209.5,211,59285018,12509138798.0
2026-04-21,2330,台積電,2050,2075,2045,2050,28055761,57514310050.0
2026-04-21,2382,廣達,333,341,332,340,24631021,8374547140.0
2026-04-21,2454,聯發科,1930,2090,1925,2090,19459855,40671096950.0
2026-04-21,2603,長榮,199,202,198.5,201.5,11588845,2335152267.5
2026-04-21,3017,奇鋐,2560,2585,2450,2565,4107167,10534883355.0
2026-04-21,3231,緯創,142,145.5,141.5,144.5,86280208,12467490056.0
2026-04-21,3661,世芯-KY,3745,3985,3740,3985,4763004,18980570940.0
2026-04-21,6669,緯穎,4030,4270,4030,4220,3796052,16019339440.0
2026-04-22,2308,台達電,2040,2045,1995,2015,10968852,22102236780.0
2026-04-22,2317,鴻海,213,223.5,212.5,221,140959574,31152065854.0
2026-04-22,2330,台積電,2045,2070,2040,2050,27457065,56286983250.0
2026-04-22,2382,廣達,342,345,333.5,335,18439843,6177347405.0
2026-04-22,2454,聯發科,2120,2295,2110,2295,24343038,55867272210.0
2026-04-22,2603,長榮,202,203,201,202,8216975,1659828950.0
2026-04-22,3017,奇鋐,2585,2800,2580,2695,5151543,13883408385.0
2026-04-22,3231,緯創,145,145.5,143,144,50378460,7254498240.0
2026-04-22,3661,世芯-KY,4100,4120,4010,4065,3390818,13783675170.0
2026-04-22,6669,緯穎,4285,4390,4180,4350,3191663,13883734050.0
2026-04-23,2308,台達電,2100,2115,1935,1980,17431212,34513799760.0
2026-04-23,2317,鴻海,229.5,233,218,225,172706743,38859017175.0
2026-04-23,2330,台積電,2090,2135,2055,2080,54918117,114229683360.0
2026-04-23,2382,廣達,337.5,339,317,322,27349239,8806454958.0
2026-04-23,2454,聯發科,2325,2335,2170,2215,29760982,65920575130.0
2026-04-23,2603,長榮,203.5,204.5,199.5,201,13838153,2781468753.0
2026-04-23,3017,奇鋐,2770,2875,2585,2680,6812966,18258748880.0
2026-04-23,3231,緯創,145,146,135,139.5,63203219,8816849050.5
2026-04-23,3661,世芯-KY,4195,4265,3900,3980,4223480,16809450400.0
2026-04-23,6669,緯穎,4410,4480,4130,4250,3548734,15082119500.0
2026-04-24,2308,台達電,2005,2090,1990,2075,11571377,24010607275.0
2026-04-24,2317,鴻海,227,227,218,221.5,77230253,17106501039.5
2026-04-24,2330,台積電,2110,2190,2105,2185,52391785,114476050225.0
2026-04-24,2382,廣達,325,326.5,318,323,18393593,5941130539.0
2026-04-24,2454,聯發科,2340,2435,2330,2435,22985015,55968511525.0
2026-04-24,2603,長榮,202,202.5,199.5,201.5,10071742,2029456013.0
2026-04-24,3017,奇鋐,2770,2945,2760,2945,5243084,15440882380.0
2026-04-24,3231,緯創,140.5,141.5,138,141.5,40785646,5771168909.0
2026-04-24,3661,世芯-KY,4140,4335,4135,4215,3295842,13891974030.0
2026-04-24,6669,緯穎,4335,4675,4320,4635,5019268,23264307180.0
2026-04-27,2308,台達電,2070,2080,1995,2020,15898086,32114133720.0
2026-04-27,2317,鴻海,224,230,220,228,109457408,24956289024.0
2026-04-27,2330,台積電,2280,2330,2265,2265,79778277,180697797405.0
2026-04-27,2382,廣達,328,328.5,319.5,325.5,16453590,5355643545.0
2026-04-27,2454,聯發科,2470,2575,2410,2435,25538897,62187214195.0
2026-04-27,2603,長榮,201.5,202,199,199.5,8671680,1730000160.0
2026-04-27,3017,奇鋐,2990,3010,2820,2835,6583986,18665600310.0
2026-04-27,3231,緯創,143,144,141,142.5,38390654,5470668195.0
2026-04-27,3661,世芯-KY,4355,4380,4080,4160,2685358,11171089280.0
2026-04-27,6669,緯穎,4980,5045,4855,4890,5713367,27938364630.0
2026-04-28,2308,台達電,2030,2160,2030,2125,15038642,31957114250.0
2026-04-28,2317,鴻海,230,234,225,225.5,104089860,23472263430.0
2026-04-28,2330,台積電,2245,2280,2215,2215,57336004,126999248860.0
2026-04-28,2382,廣達,328.5,330,317.5,321,15997095,5135067495.0
2026-04-28,2454,聯發科,2490,2675,2485,2615,24314216,63581674840.0
2026-04-28,2603,長榮,200.5,201.5,199,200,8472131,1694426200.0
2026-04-28,3017,奇鋐,2885,2990,2755,2780,5933190,16494268200.0
2026-04-28,3231,緯創,143.5,144.5,140,140.5,27611271,3879383575.5
2026-04-28,3661,世芯-KY,4185,4245,3990,4000,2376054,9504216000.0
2026-04-28,6669,緯穎,4925,5000,4795,4800,2454291,11780596800.0
2026-04-29,2308,台達電,2040,2170,2035,2165,12261414,26545961310.0
2026-04-29,2317,鴻海,226,226,222,225,43603455,9810777375.0
2026-04-29,2330,台積電,2175,2210,2165,2180,49147402,107141336360.0
2026-04-29,2382,廣達,322,322,317,322,11774226,3791300772.0
2026-04-29,2454,聯發科,2550,2595,2500,2575,13156720,33878554000.0
2026-04-29,2603,長榮,201.5,203,200.5,201.5,5632412,1134931018.0
2026-04-29,3017,奇鋐,2735,2895,2735,2835,4122743,11687976405.0
2026-04-29,3231,緯創,139,140.5,136.5,140.5,23368657,3283296308.5
2026-04-29,3661,世芯-KY,4000,4065,3900,4005,1731909,6936295545.0
2026-04-29,6669,緯穎,4810,4920,4710,4845,2259554,10947539130.0
2026-04-30,2308,台達電,2220,2280,2150,2165,14060511,30441006315.0
2026-04-30,2317,鴻海,224.5,230,219.5,219.5,73683654,16173562053.0
2026-04-30,2330,台積電,2205,2215,2135,2135,59584011,127211863485.0
2026-04-30,2382,廣達,320,321,312,312.5,18917525,5911726562.5
2026-04-30,2454,聯發科,2665,2685,2565,2610,17532158,45758932380.0
2026-04-30,2603,長榮,200.5,203,200,202,6460050,1304930100.0
2026-04-30,3017,奇鋐,2840,2870,2805,2835,3420271,9696468285.0
2026-04-30,3231,緯創,139.5,140.5,136,137,26873000,3681601000.0
2026-04-30,3661,世芯-KY,4135,4275,4130,4135,2862609,11836888215.0
2026-04-30,6669,緯穎,4925,4940,4660,4675,2198340,10277239500.0
2026-05-04,2308,台達電,2250,2260,2150,2220,12649019,28080822180.0
2026-05-04,2317,鴻海,224,229.5,223.5,227.5,57506042,13082624555.0
2026-05-04,2330,台積電,2200,2285,2195,2275,44458732,101143615300.0
2026-05-04,2382,廣達,317.5,321.5,315,318,17713587,5632920666.0
2026-05-04,2454,聯發科,2870,2870,2870,2870,4019865,11537012550.0
2026-05-04,2603,長榮,202,208.5,202,206,13725270,2827405620.0
2026-05-04,3017,奇鋐,2920,2975,2815,2885,3728835,10757688975.0
2026-05-04,3231,緯創,138.5,141,138,140.5,23500802,3301862681.0
2026-05-04,3661,世芯-KY,4290,4340,4135,4250,2805978,11925406500.0
2026-05-04,6669,緯穎,4700,4865,4615,4860,2475286,12029889960.0
2026-05-05,2308,台達電,2185,2195,2145,2165,10559120,22860494800.0
2026-05-05,2317,鴻海,227.5,240,227,239.5,162873566,39008219057.0
2026-05-05,2330,台積電,2250,2270,2240,2250,26644983,59951211750.0
2026-05-05,2382,廣達,317,323.5,315,321,12463306,4000721226.0
2026-05-05,2454,聯發科,3155,3155,3155,3155,10091886,31839900330.0
2026-05-05,2603,長榮,206,211,204.5,208,11638738,2420857504.0
2026-05-05,3017,奇鋐,2815,2845,2655,2705,8453094,22865619270.0
2026-05-05,3231,緯創,140.5,142.5,139,142,24899321,3535703582.0
2026-05-05,3661,世芯-KY,4260,4270,4095,4150,1855207,7699109050.0
2026-05-05,6669,緯穎,4855,4860,4670,4755,2117538,10068893190.0
2026-05-06,2308,台達電,2215,2270,2150,2210,15562046,34392121660.0
2026-05-06,2317,鴻海,246.5,253,245,252,240330399,60563260548.0
2026-05-06,2330,台積電,2250,2285,2240,2250,38026963,85560666750.0
2026-05-06,2382,廣達,328,348,328,346.5,44808704,15526215936.0
2026-05-06,2454,聯發科,3470,3470,3155,3430,39638460,135959917800.0
2026-05-06,2603,長榮,211,213.5,209,212,14157694,3001431128.0
2026-05-06,3017,奇鋐,2680,2685,2435,2435,11438234,27852099790.0
2026-05-06,3231,緯創,143.5,146.5,142.5,146.5,71828870,10522929455.0
2026-05-06,3661,世芯-KY,4270,4565,4150,4565,3304638,15085672470.0
2026-05-06,6669,緯穎,4855,4985,4630,4970,2694820,13393255400.0
2026-05-07,2308,台達電,2275,2370,2250,2280,15656408,35696610240.0
2026-05-07,2317,鴻海,255,258,250,253.5,128767846,32642648961.0
2026-05-07,2330,台積電,2335,2345,2310,2310,41966283,96942113730.0
2026-05-07,2382,廣達,349,352.5,341,344,23382815,8043688360.0
2026-05-07,2454,聯發科,3430,3430,3295,3420,8465341,28951466220.0
2026-05-07,2603,長榮,212.5,214.5,211.5,213.5,10470314,2235412039.0
2026-05-07,3017,奇鋐,2445,2500,2380,2415,11314013,27323341395.0
2026-05-07,3231,緯創,148.5,149,143.5,146,43321585,6324951410.0
2026-05-07,3661,世芯-KY,4770,4870,4635,4795,3079780,14767545100.0
2026-05-07,6669,緯穎,5050,5060,4870,4880,2032564,9918912320.0
2026-05-08,2308,台達電,2230,2250,2170,2200,11802071,25964556200.0
2026-05-08,2317,鴻海,254,256,245.5,250,102375417,25593854250.0
2026-05-08,2330,台積電,2300,2310,2265,2290,31730352,72662506080.0
2026-05-08,2382,廣達,343.5,345.5,335.5,340.5,17406713,5926985776.5
2026-05-08,2454,聯發科,3320,3670,3320,3630,9525653,34578120390.0
2026-05-08,2603,長榮,212.5,214,211,211.5,12482776,2640107124.0
2026-05-08,3017,奇鋐,2405,2500,2350,2445,5937295,14516686275.0
2026-05-08,3231,緯創,146,149,143.5,146.5,44206588,6476265142.0
2026-05-08,3661,世芯-KY,4805,5000,4680,4890,3239543,15841365270.0
2026-05-08,6669,緯穎,4920,5250,4890,5200,4060772,21116014400.0
2026-05-11,2308,台達電,2215,2270,2205,2245,9200516,20655158420.0
2026-05-11,2317,鴻海,256.5,258,251,252,63063740,15892062480.0
2026-05-11,2330,台積電,2265,2275,2235,2235,46172626,103195819110.0
2026-05-11,2382,廣達,350,350,341.5,343.5,14508377,4983627499.5
2026-05-11,2454,聯發科,3575,3985,3565,3880,8690923,33720781240.0
2026-05-11,2603,長榮,213.5,215,212.5,214,9248306,1979137484.0
2026-05-11,3017,奇鋐,2485,2590,2455,2555,6204661,15852908855.0
2026-05-11,3231,緯創,147,147,138,139,114217157,15876184823.0
2026-05-11,3661,世芯-KY,5200,5375,5180,5375,1273298,6843976750.0
2026-05-11,6669,緯穎,5290,5345,5115,5340,2206874,11784707160.0
2026-05-12,2308,台達電,2225,2260,2190,2195,13011711,28560705645.0
2026-05-12,2317,鴻海,254,254,246,250,84325367,21081341750.0
2026-05-12,2330,台積電,2235,2280,2210,2255,54239538,122310158190.0
2026-05-12,2382,廣達,346.5,347.5,338,340,12855467,4370858780.0
2026-05-12,2454,聯發科,3835,3910,3700,3700,11090404,41034494800.0
2026-05-12,2603,長榮,216,216.5,213.5,214,8784167,1879811738.0
2026-05-12,3017,奇鋐,2625,2625,2520,2520,5010847,12627334440.0
2026-05-12,3231,緯創,139,143,135.5,141.5,75965973,10749185179.5
2026-05-12,3661,世芯-KY,5555,5640,5300,5310,3189056,16933887360.0
2026-05-12,6669,緯穎,5480,5870,5415,5790,4213573,24396587670.0
2026-05-13,2308,台達電,2160,2185,2140,2165,7659621,16583079465.0
2026-05-13,2317,鴻海,246.5,251,242.5,251,72415109,18176192359.0
2026-05-13,2330,台積電,2205,2240,2205,2220,43727683,97075456260.0
2026-05-13,2382,廣達,339.5,343,335.5,340.5,13159804,4480913262.0
2026-05-13,2454,聯發科,3625,3680,3400,3495,9694046,33880690770.0
2026-05-13,2603,長榮,215,215,209.5,210,9333619,1960059990.0
2026-05-13,3017,奇鋐,2545,2625,2500,2585,6267261,16200869685.0
2026-05-13,3231,緯創,139,141.5,138,140.5,26883326,3777107303.0
2026-05-13,3661,世芯-KY,5115,5135,4780,4780,3657852,17484532560.0
2026-05-13,6669,緯穎,5555,5800,5500,5580,2928103,16338814740.0
2026-05-14,2308,台達電,2210,2250,2155,2155,7332576,15801701280.0
2026-05-14,2317,鴻海,255,255,244,244.5,73360409,17936620000.5
2026-05-14,2330,台積電,2250,2270,2230,2270,39564699,89811866730.0
2026-05-14,2382,廣達,346,351.5,333,334.5,21733250,7269772125.0
2026-05-14,2454,聯發科,3585,3590,3385,3405,7103890,24188745450.0
2026-05-14,2603,長榮,209.5,213,207,211.5,9016120,1906909380.0
2026-05-14,3017,奇鋐,2700,2775,2555,2555,7168071,18314421405.0
2026-05-14,3231,緯創,140.5,141.5,138,138,42377535,5848099830.0
2026-05-14,3661,世芯-KY,4870,5005,4720,4830,3193261,15423450630.0
2026-05-14,6669,緯穎,5715,5730,5435,5435,1749793,9510124955.0
2026-05-15,2308,台達電,2185,2195,2075,2075,12351492,25629345900.0
2026-05-15,2317,鴻海,249,260,247,248.5,138413483,34395750525.5
2026-05-15,2330,台積電,2310,2325,2250,2265,34360513,77826561945.0
2026-05-15,2382,廣達,310,317,305,306,66013746,20200206276.0
2026-05-15,2454,聯發科,3425,3555,3200,3260,7341025,23931741500.0
2026-05-15,2603,長榮,208,208.5,200.5,200.5,24800761,4972552580.5
2026-05-15,3017,奇鋐,2690,2735,2445,2455,6646560,16317304800.0
2026-05-15,3231,緯創,139.5,144,135,135.5,67278955,9116298402.5
2026-05-15,3661,世芯-KY,4990,5010,4595,4605,2725430,12550605150.0
2026-05-15,6669,緯穎,5575,5575,5095,5115,2346755,12003651825.0
2026-05-18,2308,台達電,1985,2040,1985,2020,10082191,20366025820.0
2026-05-18,2317,鴻海,251,251,241,248.5,63512356,15782820466.0
2026-05-18,2330,台積電,2225,2260,2215,2240,32966937,73845938880.0
2026-05-18,2382,廣達,305,305,296,300,36475336,10942600800.0
2026-05-18,2454,聯發科,3240,3550,3150,3400,7040537,23937825800.0
2026-05-18,2603,長榮,200,200.5,197,197.5,18153627,3585341332.5
2026-05-18,3017,奇鋐,2350,2435,2300,2410,4751185,11450355850.0
2026-05-18,3231,緯創,135,136.5,132,135.5,29121539,3945968534.5
2026-05-18,3661,世芯-KY,4450,4600,4340,4590,1956487,8980275330.0
2026-05-18,6669,緯穎,4920,5110,4920,5090,1405003,7151465270.0
2026-05-19,2308,台達電,2020,2025,1910,1915,16288903,31193249245.0
2026-05-19,2317,鴻海,251,254,244,245,70223341,17204718545.0
2026-05-19,2330,台積電,2220,2230,2205,2205,45585931,100516977855.0
2026-05-19,2382,廣達,300,302.5,290,290,37484794,10870590260.0
2026-05-19,2454,聯發科,3475,3495,3100,3155,10055471,31725011005.0
2026-05-19,2603,長榮,197.5,200,195.5,197,16654864,3281008208.0
2026-05-19,3017,奇鋐,2455,2470,2370,2390,3542685,8467017150.0
2026-05-19,3231,緯創,135.5,136,132.5,132.5,25581469,3389544642.5
2026-05-19,3661,世芯-KY,4420,4615,4410,4430,1403403,6217075290.0
2026-05-19,6669,緯穎,5020,5035,4865,4890,1652246,8079482940.0
2026-05-20,2308,台達電,1880,1960,1880,1915,10890054,20854453410.0
2026-05-20,2317,鴻海,246.5,246.5,239.5,240,62650287,15036068880.0
2026-05-20,2330,台積電,2205,2210,2185,2185,38332945,83757484825.0
2026-05-20,2382,廣達,288.5,294,288.5,290,36185735,10493863150.0
2026-05-20,2454,聯發科,3195,3350,3155,3230,9296108,30026428840.0
2026-05-20,2603,長榮,210,216.5,207,212.5,48098610,10220954625.0
2026-05-20,3017,奇鋐,2425,2435,2325,2340,3568975,8351401500.0
2026-05-20,3231,緯創,134,135.5,132,132.5,20642900,2735184250.0
2026-05-20,3661,世芯-KY,4515,4670,4455,4600,2202342,10130773200.0
2026-05-20,6669,緯穎,4890,4960,4775,4910,1739872,8542771520.0
2026-05-21,2308,台達電,2015,2060,1990,2030,11663874,23677664220.0
2026-05-21,2317,鴻海,245,249,244,247.5,51483466,12742157835.0
2026-05-21,2330,台積電,2240,2255,2230,2230,24929331,55592408130.0
2026-05-21,2382,廣達,296,312.5,295,308,38942347,11994242876.0
2026-05-21,2454,聯發科,3415,3550,3405,3550,5983092,21239976600.0
2026-05-21,2603,長榮,212,214.5,210.5,212,20652548,4378340176.0
2026-05-21,3017,奇鋐,2445,2515,2415,2495,3762794,9388171030.0
2026-05-21,3231,緯創,134.5,141.5,134,140,53678775,7515028500.0
2026-05-21,3661,世芯-KY,5000,5050,4850,4905,1718931,8431356555.0
2026-05-21,6669,緯穎,5350,5400,5190,5345,2379159,12716604855.0
2026-05-22,2308,台達電,2125,2125,2050,2095,8534359,17879482105.0
2026-05-22,2317,鴻海,249,251.5,245,250,56310552,14077638000.0
2026-05-22,2330,台積電,2245,2260,2225,2255,26823133,60486164915.0
2026-05-22,2382,廣達,310,317,305.5,316,36233592,11449815072.0
2026-05-22,2454,聯發科,3765,3880,3675,3860,20839466,80440338760.0
2026-05-22,2603,長榮,214.5,219,214,219,30119281,6596122539.0
2026-05-22,3017,奇鋐,2550,2610,2470,2545,5501063,14000205335.0
2026-05-22,3231,緯創,142.5,146,139.5,144.5,70277790,10155140655.0
2026-05-22,3661,世芯-KY,4955,4960,4750,4895,1648310,8068477450.0
2026-05-22,6669,緯穎,5460,5575,5330,5525,1969769,10882973725.0
2026-05-25,2308,台達電,2205,2300,2185,2290,12049781,27593998490.0
2026-05-25,2330,台積電,2275,2310,2275,2310,28250944,65259680640.0
2026-05-25,2454,聯發科,4245,4245,4245,4245,4616291,19596155295.0
2026-05-25,2603,長榮,220,222,214,214,31059614,6646757396.0
2026-05-25,3231,緯創,148.5,150.5,147,149,70126881,10448905269.0
2026-05-25,3661,世芯-KY,5020,5050,4900,4900,1584407,7763594300.0
2026-05-25,6669,緯穎,5755,5880,5555,5610,2115890,11870142900.0
2026-05-26,2308,台達電,2350,2410,2290,2350,12198582,28666667700.0
2026-05-26,2330,台積電,2320,2325,2270,2270,32781470,74413936900.0
2026-05-26,2454,聯發科,4375,4440,4180,4265,19540872,83341819080.0
2026-05-26,2603,長榮,215.5,218.5,211.5,211.5,27903221,5901531241.5
2026-05-26,3231,緯創,149.5,149.5,145.5,146,35795574,5226153804.0
2026-05-26,3661,世芯-KY,4945,4955,4640,4640,1916456,8892355840.0
2026-05-26,6669,緯穎,5600,5600,5155,5280,2655826,14022761280.0
2026-05-27,2308,台達電,2490,2585,2490,2520,13897689,35022176280.0
2026-05-27,2330,台積電,2310,2330,2290,2300,40272350,92626405000.0
2026-05-27,2454,聯發科,4475,4690,4450,4640,18260840,84730297600.0
2026-05-27,2603,長榮,213,216.5,209,211.5,33951659,7180775878.5
2026-05-27,3231,緯創,147.5,148.5,143.5,145,37563298,5446678210.0
2026-05-27,3661,世芯-KY,4785,4845,4460,4500,2528669,11379010500.0
2026-05-27,6669,緯穎,5300,5350,5060,5075,1997850,10139088750.0
2026-05-28,2308,台達電,2485,2520,2370,2390,11721062,28013338180.0
2026-05-28,2330,台積電,2350,2360,2270,2295,42313277,97108970715.0
2026-05-28,2454,聯發科,4620,4685,4270,4410,16433052,72469759320.0
2026-05-28,2603,長榮,212,215,211,211,27762878,5857967258.0
2026-05-28,3231,緯創,146,149,143,144.5,41753832,6033428724.0
2026-05-28,3661,世芯-KY,4530,4575,4230,4300,2420551,10408369300.0
2026-05-28,6669,緯穎,5100,5260,4900,4950,2157834,10681278300.0
2026-05-29,2308,台達電,2470,2525,2445,2445,16510000,40366950000.0
2026-05-29,2454,聯發科,4460,4485,4235,4310,20517000,88428270000.0
2026-05-29,2603,長榮,212.5,216.5,211,213,30658046,6530163798.0
2026-05-29,3231,緯創,154,158.5,153,158.5,114139019,18091034511.5
2026-05-29,3661,世芯-KY,4470,4575,4315,4415,2199066,9708876390.0
2026-05-29,6669,緯穎,5130,5445,5075,5445,3282663,17874100035.0
2026-06-01,2308,台達電,2450,2520,2410,2420,9840869,23814902980.0
2026-06-01,2317,鴻海,302,304.5,293,293.5,205766647,60392510894.5
2026-06-01,2454,聯發科,4440,4710,4440,4555,20083897,91482150835.0
2026-06-01,2603,長榮,217,225,216.5,224,35161011,7876066464.0
2026-06-01,3017,奇鋐,2705,2835,2705,2785,5090031,14175736335.0
2026-06-01,3231,緯創,174,174,172.5,174,94609409,16462037166.0
2026-06-01,3661,世芯-KY,4485,4855,4450,4855,2425118,11773947890.0
2026-06-01,6669,緯穎,5715,5795,5460,5515,2252805,12424219575.0
2026-06-02,2308,台達電,2430,2455,2330,2360,12331189,29101606040.0
2026-06-02,2454,聯發科,4970,4970,4380,4525,15626708,70710853700.0
2026-06-02,3661,世芯-KY,4870,4870,4500,4575,2077361,9503926575.0
2026-06-02,6669,緯穎,5580,5675,5315,5475,1953015,10692757125.0
2026-06-03,2308,台達電,2420,2460,2410,2455,10882344,26716154520.0
2026-06-03,2454,聯發科,4540,4650,4420,4545,10480184,47632436280.0
2026-06-03,3661,世芯-KY,4600,4685,4530,4595,1171299,5382118905.0
2026-06-03,6669,緯穎,5550,5675,5420,5600,1716435,9612036000.0
2026-06-04,2308,台達電,2440,2465,2405,2425,9416420,22834818500.0
2026-06-04,2454,聯發科,4600,4685,4430,4430,11204169,49634468670.0
2026-06-04,3661,世芯-KY,4530,4555,4335,4340,1544304,6702279360.0
2026-06-04,6669,緯穎,5515,5720,5380,5570,1704775,9495596750.0
2026-06-05,2454,聯發科,4360,4430,4130,4300,11919031,51251833300.0
2026-06-05,3661,世芯-KY,4325,4440,4135,4285,1623019,6954636415.0
2026-06-05,6669,緯穎,5540,5740,5305,5660,2033000,11506780000.0
2026-06-08,2454,聯發科,3935,4090,3935,4070,16219464,66013218480.0
2026-06-08,3661,世芯-KY,3900,4180,3895,4170,1491317,6218791890.0
2026-06-08,6669,緯穎,5200,5330,5135,5275,1928576,10173238400.0
2026-06-09,2454,聯發科,4180,4475,4130,4475,16487210,73780264750.0
2026-06-09,3661,世芯-KY,4185,4265,4115,4250,1261033,5359390250.0
2026-06-09,6669,緯穎,5310,5380,5210,5300,1369099,7256224700.0
2026-06-10,2454,聯發科,4315,4520,4120,4155,17412956,72350832180.0
2026-06-10,3661,世芯-KY,4250,4270,4015,4040,1473935,5954697400.0
2026-06-10,6669,緯穎,5350,5350,5020,5065,2174689,11014799785.0
2026-06-11,2454,聯發科,4085,4150,3880,4085,17556610,71718751850.0
2026-06-11,3661,世芯-KY,4000,4065,3850,4060,2101750,8533105000.0
2026-06-11,6669,緯穎,5000,5040,4745,4900,2945125,14431112500.0
2026-06-12,2454,聯發科,4410,4415,4165,4180,8765007,36637729260.0
2026-06-12,3661,世芯-KY,4295,4295,4105,4105,1326879,5446838295.0
2026-06-12,6669,緯穎,5120,5135,4845,4850,1921274,9318178900.0
2026-06-15,3661,世芯-KY,4280,4380,4240,4250,1292083,5491352750.0
2026-06-15,6669,緯穎,5010,5040,4880,4900,1005218,4925568200.0
2026-06-16,3661,世芯-KY,4335,4335,4225,4315,1281011,5527562465.0
2026-06-16,6669,緯穎,5030,5085,4880,4880,1814616,8855326080.0
2026-06-17,3661,世芯-KY,4265,4385,4195,4320,1603605,6927573600.0
2026-06-17,6669,緯穎,4880,5085,4805,5080,1225155,6223787400.0
2026-06-18,3661,世芯-KY,4320,4530,4270,4380,2341823,10257184740.0
2026-06-18,6669,緯穎,5150,5250,5085,5130,1753502,8995465260.0
2026-06-22,3661,世芯-KY,4510,4580,4285,4325,2381897,10301704525.0
2026-06-23,3661,世芯-KY,4410,4525,4215,4375,2239314,9796998750.0
2026-06-24,3661,世芯-KY,4315,4345,4220,4330,1230751,5329151830.0
2026-07-01,2308,台達電,2020,2020,1965,1990,8753015,17418499850.0
2026-07-01,2317,鴻海,255,255.5,248,248,65880617,16338393016.0
2026-07-01,2330,台積電,2495,2505,2475,2505,37544470,94048897350.0
2026-07-01,2382,廣達,373.5,376.5,368.5,372,13892612,5168051664.0
2026-07-01,2454,聯發科,4315,4380,4225,4335,10163517,44058846195.0
2026-07-01,2603,長榮,186.5,187.5,185,185.5,10739428,1992163894.0
2026-07-01,3017,奇鋐,2615,2665,2500,2620,5567033,14585626460.0
2026-07-01,3231,緯創,161,162,159,159.5,37036945,5907392727.5
2026-07-01,3661,世芯-KY,4200,4455,4175,4450,1831360,8149552000.0
2026-07-01,6669,緯穎,4740,5050,4655,5035,2872601,14463546035.0
2026-07-02,2308,台達電,1955,2010,1920,1970,6939618,13671047460.0
2026-07-02,2317,鴻海,239,243,238,239,67897136,16227415504.0
2026-07-02,2330,台積電,2450,2480,2445,2465,35919290,88541049850.0
2026-07-02,2382,廣達,366,372,365.5,369,9014780,3326453820.0
2026-07-02,2454,聯發科,4200,4380,4150,4345,8544133,37124257885.0
2026-07-02,2603,長榮,185.5,187,183.5,185.5,6849654,1270610817.0
2026-07-02,3017,奇鋐,2565,2745,2525,2740,5061323,13868025020.0
2026-07-02,3231,緯創,157,160,156,158.5,17411425,2759710862.5
2026-07-02,3661,世芯-KY,4300,4895,4280,4895,4409997,21586935315.0
2026-07-02,6669,緯穎,4905,5200,4865,5200,2817565,14651338000.0
2026-07-03,2308,台達電,1920,2075,1885,2075,15207642,31555857150.0
2026-07-03,2317,鴻海,237,241,236,240.5,51008242,12267482201.0
2026-07-03,2330,台積電,2415,2465,2415,2445,32905868,80454847260.0
2026-07-03,2382,廣達,369,378,368.5,377,13135151,4951951927.0
2026-07-03,2454,聯發科,4160,4230,4120,4195,12778372,53605270540.0
2026-07-03,2603,長榮,185.5,197.5,185.5,195,25022271,4879342845.0
2026-07-03,3017,奇鋐,2690,2780,2665,2760,4659120,12859171200.0
2026-07-03,3231,緯創,157.5,161.5,157.5,159,24768914,3938257326.0
2026-07-03,3661,世芯-KY,4880,4890,4630,4650,2935747,13651223550.0
2026-07-03,6669,緯穎,5180,5280,5110,5265,1563793,8233370145.0
2026-07-06,2308,台達電,2120,2135,1995,1995,9220091,18394081545.0
2026-07-06,2317,鴻海,243.5,247.5,240.5,242,43693584,10573847328.0
2026-07-06,2330,台積電,2465,2500,2455,2460,21041918,51763118280.0
2026-07-06,2382,廣達,381.5,393,378,378,24415955,9229230990.0
2026-07-06,2454,聯發科,4250,4325,4110,4125,6897420,28451857500.0
2026-07-06,2603,長榮,197,198.5,194.5,195.5,8533574,1668313717.0
2026-07-06,3017,奇鋐,2790,2790,2615,2670,3733969,9969697230.0
2026-07-06,3231,緯創,161,162,157.5,158,26189698,4137972284.0
2026-07-06,3661,世芯-KY,4700,4700,4210,4215,2252744,9495315960.0
2026-07-06,6669,緯穎,5325,5325,4995,5035,1255424,6321059840.0
2026-07-07,2308,台達電,2015,2025,1890,1890,9212478,17411583420.0
2026-07-07,2317,鴻海,243,243,236,237,51778760,12271566120.0
2026-07-07,2330,台積電,2480,2500,2440,2440,31400854,76618083760.0
2026-07-07,2382,廣達,374.5,380,372.5,373,15592266,5815915218.0
2026-07-07,2454,聯發科,4200,4250,3955,4030,9083409,36606138270.0
2026-07-07,2603,長榮,191,191.5,186.5,188,23280960,4376820480.0
2026-07-07,3017,奇鋐,2670,2670,2410,2450,4349877,10657198650.0
2026-07-07,3231,緯創,158.5,159.5,155.5,155.5,34773345,5407255147.5
2026-07-07,3661,世芯-KY,4250,4360,4025,4035,1867282,7534482870.0
2026-07-07,6669,緯穎,5025,5235,5010,5015,2201738,11041716070.0
2026-07-08,2308,台達電,1925,1950,1840,1885,13043190,24586413150.0
2026-07-08,2317,鴻海,240,240.5,234,237.5,37939126,9010542425.0
2026-07-08,2330,台積電,2445,2465,2420,2465,25519599,62905811535.0
2026-07-08,2382,廣達,376,380.5,367,377,15636669,5895024213.0
2026-07-08,2454,聯發科,4000,4040,3955,3995,6728233,26879290835.0
2026-07-08,2603,長榮,190,196,189.5,196,16209496,3177061216.0
2026-07-08,3017,奇鋐,2425,2440,2290,2325,4441500,10326487500.0
2026-07-08,3231,緯創,150,152,145,146.5,59256833,8681126034.5
2026-07-08,3661,世芯-KY,4085,4085,3965,4065,1621563,6591653595.0
2026-07-08,6669,緯穎,5075,5085,4900,5050,1002340,5061817000.0
2026-07-09,2308,台達電,1890,1935,1870,1880,8337141,15673825080.0
2026-07-09,2317,鴻海,238,240,234.5,237.5,40528079,9625418762.5
2026-07-09,2330,台積電,2450,2460,2415,2415,34681018,83754658470.0
2026-07-09,2382,廣達,379.5,380.5,373.5,373.5,13993644,5226626034.0
2026-07-09,2454,聯發科,3970,4050,3925,3925,7370647,28929789475.0
2026-07-09,2603,長榮,196.5,196.5,193.5,194.5,5366030,1043692835.0
2026-07-09,3017,奇鋐,2380,2435,2335,2350,2889551,6790444850.0
2026-07-09,3231,緯創,147,148,144.5,144.5,29080046,4202066647.0
2026-07-09,3661,世芯-KY,4105,4360,4105,4210,1517028,6386687880.0
2026-07-09,6669,緯穎,5020,5215,4945,5040,2241214,11295718560.0
2026-07-13,2308,台達電,1970,1980,1885,1890,9299583,17576211870.0
2026-07-13,2317,鴻海,242,242.5,236.5,236.5,37504587,8869834825.5
2026-07-13,2330,台積電,2460,2480,2440,2440,35310380,86157327200.0
2026-07-13,2382,廣達,377,385,374,378,17625716,6662520648.0
2026-07-13,2454,聯發科,4095,4095,3825,3825,7033208,26902020600.0
2026-07-13,2603,長榮,194,196.5,191.5,195,8993958,1753821810.0
2026-07-13,3017,奇鋐,2420,2420,2210,2225,2704759,6018088775.0
2026-07-13,3231,緯創,147,148,142.5,143.5,27031128,3878966868.0
2026-07-13,3661,世芯-KY,4230,4300,4090,4135,1516848,6272166480.0
2026-07-13,6669,緯穎,5170,5230,4940,4960,1106711,5489286560.0
2026-07-14,2308,台達電,1900,1905,1780,1855,10864234,20153154070.0
2026-07-14,2317,鴻海,236,237,230,235.5,48112076,11330393898.0
2026-07-14,2330,台積電,2410,2430,2390,2420,42857055,103714073100.0
2026-07-14,2382,廣達,378,380,368,380,25976500,9871070000.0
2026-07-14,2454,聯發科,3830,3860,3515,3660,12479607,45675361620.0
2026-07-14,2603,長榮,196.5,197.5,192,194.5,9326188,1813943566.0
2026-07-14,3017,奇鋐,2185,2220,2015,2120,4396274,9320100880.0
2026-07-14,3231,緯創,144,145,139,142.5,27925626,3979401705.0
2026-07-14,3661,世芯-KY,4090,4100,3725,3725,3381802,12597212450.0
2026-07-14,6669,緯穎,4930,4985,4755,4905,1096965,5380613325.0
2026-07-15,2308,台達電,1930,1930,1865,1890,8792634,16618078260.0
2026-07-15,2317,鴻海,236,241,235.5,239,36108846,8630014194.0
2026-07-15,2330,台積電,2425,2460,2415,2440,33665566,82143981040.0
2026-07-15,2382,廣達,383.5,384,376,381,24915093,9492650433.0
2026-07-15,2454,聯發科,3790,3790,3665,3740,7313796,27353597040.0
2026-07-15,2603,長榮,194.5,200,194,199.5,15588366,3109879017.0
2026-07-15,3017,奇鋐,2140,2200,2120,2165,2129895,4611222675.0
2026-07-15,3231,緯創,144,146.5,142.5,145.5,26071700,3793432350.0
2026-07-15,3661,世芯-KY,3750,3785,3625,3735,2788708,10415824380.0
2026-07-15,6669,緯穎,4950,5160,4870,5095,931011,4743501045.0
2026-07-16,2308,台達電,1865,1935,1820,1905,8661820,16500767100.0
2026-07-16,2317,鴻海,240.5,244,238,242.5,39074704,9475615720.0
2026-07-16,2330,台積電,2430,2470,2420,2470,30538604,75430351880.0
2026-07-16,2382,廣達,360.5,360.5,349,352,33111611,11655287072.0
2026-07-16,2454,聯發科,3735,3755,3620,3700,6009689,22235849300.0
2026-07-16,2603,長榮,199.5,201,198,200,6497582,1299516400.0
2026-07-16,3017,奇鋐,2275,2290,2155,2225,4220745,9391157625.0
2026-07-16,3231,緯創,144.5,148,143,146.5,30591982,4481725363.0
2026-07-16,3661,世芯-KY,3700,3820,3650,3770,1547816,5835266320.0
2026-07-16,6669,緯穎,5090,5130,5000,5115,638034,3263543910.0
2026-07-17,2308,台達電,1820,1825,1735,1740,14248513,24792412620.0
2026-07-17,2317,鴻海,238,241.5,233,234,67033000,15685722000.0
2026-07-17,2330,台積電,2375,2395,2290,2290,97362670,222960514300.0
2026-07-17,2382,廣達,346,349,324.5,325.5,33474930,10896089715.0
2026-07-17,2454,聯發科,3470,3570,3370,3370,10967157,36959319090.0
2026-07-17,2603,長榮,200,202.5,198,198,17171251,3399907698.0
2026-07-17,3017,奇鋐,2160,2335,2145,2200,5543230,12195106000.0
2026-07-17,3231,緯創,144,144.5,139,139,38762694,5388014466.0
2026-07-17,3661,世芯-KY,3585,3655,3480,3480,2162718,7526258640.0
2026-07-17,6669,緯穎,4900,4995,4620,4620,1627532,7519197840.0
