date,code,name,open,high,low,close,volume,value
2026-03-02,AMD,AMD,193.845,198.74,190,198.62,34120155,6776945186.1
2026-03-02,AMZN,AMZN,204.55,209.73,203.46,208.39,46001010,9586150473.9
2026-03-02,AVGO,AVGO,309.36,320.04,307.2,318.82,20567227,6557243312.139999
2026-03-02,GOOGL,GOOGL,303.225,308.49,301.3,306.52,34790203,10663893023.56
2026-03-02,META,META,637.16,659.94,634.5,653.56,9816125,6415426654.999999
2026-03-02,MSFT,MSFT,392.855,401.19,390.63,398.55,35474907,14138524184.85
2026-03-02,MU,MU,401.47,417.61,397,412.67,30049197,12400402125.99
2026-03-02,NVDA,NVDA,175.01,183.46,174.64,182.48,209095331,38155716000.88
2026-03-02,PLTR,PLTR,140.775,147.14,140.52,145.17,72683884,10551519440.279999
2026-03-02,TSLA,TSLA,390.6,404.54,388.25,403.32,55088338,22218228482.16
2026-03-03,AMD,AMD,191.46,193.64,188.22,190.95,37785697,7215178842.15
2026-03-03,AMZN,AMZN,203.1,209.178,202.48,208.73,43184918,9013987934.14
2026-03-03,AVGO,AVGO,313,315.88,307.4,313.84,20826179,6536088017.36
2026-03-03,GOOGL,GOOGL,298.59,303.94,296.71,303.58,35496961,10776167420.38
2026-03-03,META,META,648.29,659.04,638.84,655.08,12263754,8033739970.320001
2026-03-03,MSFT,MSFT,393.14,406.7,392.67,403.93,38199209,15429806491.37
2026-03-03,MU,MU,386.55,390.09,374.55,379.68,39010902,14811659271.36
2026-03-03,NVDA,NVDA,178.49,180.9,176.92,180.05,178099430,32066802371.500004
2026-03-03,PLTR,PLTR,142.1,147.5,138.2,147.22,67460192,9931489466.24
2026-03-03,TSLA,TSLA,395.09,396.34,385.39,392.43,62617298,24572906254.14
2026-03-04,AMD,AMD,192.12,202.44,189.86,202.07,40912561,8267201201.2699995
2026-03-04,AMZN,AMZN,210.47,217.54,210.15,216.82,54731101,11866797318.82
2026-03-04,AVGO,AVGO,315.68,322.64,311.74,317.53,34895801,11080463691.529999
2026-03-04,GOOGL,GOOGL,302.89,305.47,300.75,303.13,29536190,8953305274.7
2026-03-04,META,META,657.96,672.77,657.671,667.73,10810054,7218197357.42
2026-03-04,MSFT,MSFT,401.265,411.033,400.31,405.2,35807990,14509397548.0
2026-03-04,MU,MU,393.635,407.88,387.609,400.77,32644899,13083096172.23
2026-03-04,NVDA,NVDA,180.44,184.7,180.06,183.04,177731198,32531918481.92
2026-03-04,PLTR,PLTR,148.43,154.52,148.06,153.19,60062166,9200923209.539999
2026-03-04,TSLA,TSLA,397.845,408.33,394.58,405.94,68305513,27727939947.22
2026-03-05,AMD,AMD,197.77,203.79,194.88,199.45,36000660,7180331637.0
2026-03-05,AMZN,AMZN,215.98,220.47,215.59,218.94,60943447,13342958286.18
2026-03-05,AVGO,AVGO,330.175,336.12,323.03,332.77,57076634,18993391496.18
2026-03-05,GOOGL,GOOGL,303.035,303.3,297.99,300.88,35752321,10757158342.48
2026-03-05,META,META,661.93,670.7,650.31,660.57,13341367,8812906799.19
2026-03-05,MSFT,MSFT,404.42,411.61,404.4,410.68,39001315,16017060044.2
2026-03-05,MU,MU,398.6,404.53,380.3,397.05,29960060,11895641823.0
2026-03-05,NVDA,NVDA,181.17,184.06,177.88,183.34,198779729,36444275514.86
2026-03-05,PLTR,PLTR,152.94,156.38,149.61,152.67,50714514,7742584852.379999
2026-03-05,TSLA,TSLA,401.57,408.62,399.42,405.55,51925898,21058547933.9
2026-03-06,AMD,AMD,195.27,200.24,191.25,192.43,33913779,6526028492.97
2026-03-06,AMZN,AMZN,214.99,217.32,212.53,213.21,51152716,10906270578.36
2026-03-06,AVGO,AVGO,328.28,343.51,327.404,330.48,39152159,12939005506.320002
2026-03-06,GOOGL,GOOGL,296.09,300.53,295.18,298.52,25576916,7635220964.32
2026-03-06,META,META,647.9,649.47,636.11,644.86,13159356,8485942310.16
2026-03-06,MSFT,MSFT,409.2,413.05,408.51,408.96,31123859,12728413376.64
2026-03-06,MU,MU,380.14,391.18,367.45,370.3,34458784,12760087715.2
2026-03-06,NVDA,NVDA,179.84,182.756,176.82,177.82,189021949,33611882971.18
2026-03-06,PLTR,PLTR,150.44,161.45,150.29,157.16,74980855,11783991171.8
2026-03-06,TSLA,TSLA,398.09,402.35,394.21,396.73,64054561,25412365985.530003
2026-03-09,AMD,AMD,189.36,202.97,189.02,202.68,38877220,7879634949.6
2026-03-09,AMZN,AMZN,210.45,213.82,207.11,213.49,54642926,11665718271.74
2026-03-09,AVGO,AVGO,327.25,348.49,323.61,345.75,40605821,14039462610.75
2026-03-09,GOOGL,GOOGL,294.36,306.8,294.08,306.36,29312149,8980069967.640001
2026-03-09,META,META,634.78,647.75,626.78,647.39,13489742,8733124073.38
2026-03-09,MSFT,MSFT,404.915,410.21,403.5,409.41,30131854,12336282346.140001
2026-03-09,MU,MU,363.96,390,357.67,389.32,35547220,13839243690.4
2026-03-09,NVDA,NVDA,176.83,182.91,175.56,182.65,177213588,32368061848.2
2026-03-09,PLTR,PLTR,155.69,158.44,152.97,156.43,47574200,7442032106.0
2026-03-09,TSLA,TSLA,390.05,401.59,381.4,398.68,67018911,26719099437.48
2026-03-10,AMD,AMD,202.51,206.59,202.2,203.23,29139162,5921951893.259999
2026-03-10,AMZN,AMZN,214.19,215.65,212.43,214.33,35678834,7647044491.22
2026-03-10,AVGO,AVGO,348.73,353.14,340.8,342.58,29531698,10116969100.84
2026-03-10,GOOGL,GOOGL,306.17,309.51,305.57,307.04,23239684,7135512575.360001
2026-03-10,META,META,653.56,660.3,649,654.07,9859250,6448639647.500001
2026-03-10,MSFT,MSFT,410.03,410.2,402.93,405.76,31706375,12865178720.0
2026-03-10,MU,MU,394.01,415.31,393.64,403.11,33745433,13603121496.630001
2026-03-10,NVDA,NVDA,182.4,186.44,182.01,184.77,179118528,33095730418.56
2026-03-10,PLTR,PLTR,155.99,156.657,150.14,151.14,47501391,7179360235.74
2026-03-10,TSLA,TSLA,402.22,406.59,398.19,399.235,59258743,23658164261.605
2026-03-11,AMD,AMD,205.11,209.21,203.63,204.83,23076366,4726732047.780001
2026-03-11,AMZN,AMZN,215.705,217,211.35,212.65,34199303,7272481782.95
2026-03-11,AVGO,AVGO,342.59,345.81,338.22,341.57,20104102,6866958120.139999
2026-03-11,GOOGL,GOOGL,306.75,311.42,305.92,308.7,24125714,7447607911.8
2026-03-11,META,META,654.76,659.12,648.36,654.86,8977162,5878784307.32
2026-03-11,MSFT,MSFT,405.57,409.01,401.59,404.88,25512139,10329354838.32
2026-03-11,MU,MU,410.77,422.75,405.79,418.69,30191430,12640849826.7
2026-03-11,NVDA,NVDA,185.91,187.62,184.45,186.03,145280386,27026510207.58
2026-03-11,PLTR,PLTR,151.38,153.169,149.33,151.6,33955903,5147714894.8
2026-03-11,TSLA,TSLA,402.28,416.38,402.15,407.82,62559930,25513190652.6
2026-03-12,AMD,AMD,202.825,203.62,196.67,197.74,28886913,5712098176.62
2026-03-12,AMZN,AMZN,210.39,211.71,208.15,209.53,44349501,9292550944.53
2026-03-12,AVGO,AVGO,337.74,339.83,332.2,335.97,21982746,7385543173.620001
2026-03-12,GOOGL,GOOGL,306.82,308.94,301.03,303.55,24928347,7566999731.85
2026-03-12,META,META,648.75,653.5,636.9,638.18,11617485,7414046577.299999
2026-03-12,MSFT,MSFT,404.63,406.12,401.71,401.86,27263886,10956265227.960001
2026-03-12,MU,MU,409.995,413.73,396.665,405.35,31720873,12858055870.550001
2026-03-12,NVDA,NVDA,184.05,184.94,181.75,183.14,155762663,28526374101.82
2026-03-12,PLTR,PLTR,153.01,155.88,150.98,153.5,54409799,8351904146.5
2026-03-12,TSLA,TSLA,405.175,406.5,394.65,395.01,60973793,24085257972.93
2026-03-13,AMD,AMD,198.11,199.68,192.27,193.39,27561888,5330193520.32
2026-03-13,AMZN,AMZN,209.605,210.56,206.22,207.67,35662137,7405955990.79
2026-03-13,AVGO,AVGO,337.68,338.32,321.43,322.16,34724950,11186989892.0
2026-03-13,GOOGL,GOOGL,307.01,307.69,300.44,302.28,23693092,7161947849.759999
2026-03-13,META,META,623.89,629.17,609.55,613.71,18957637,11634491403.27
2026-03-13,MSFT,MSFT,401,404.8,394.25,395.55,26848000,10619726400.0
2026-03-13,MU,MU,413.75,429.35,413,426.13,39260990,16730285668.7
2026-03-13,NVDA,NVDA,184.92,186.09,179.94,180.25,160988424,29018163426.0
2026-03-13,PLTR,PLTR,153.3,154.56,148.58,150.95,42460572,6409423343.4
2026-03-13,TSLA,TSLA,399.165,400.2,389.95,391.2,58504091,22886800399.2
2026-03-16,AMD,AMD,194.975,200.17,194.8,196.58,30285170,5953458718.6
2026-03-16,AMZN,AMZN,208.35,212.724,207.445,211.74,42209316,8937400569.84
2026-03-16,AVGO,AVGO,326.02,329.2,320.06,324.92,31363086,10190493903.12
2026-03-16,GOOGL,GOOGL,304.35,306.489,303.02,305.56,23519709,7186682282.04
2026-03-16,META,META,632,634.75,623.1,627.45,15134852,9496362887.400002
2026-03-16,MSFT,MSFT,398.07,400.63,394.79,399.95,27733721,11092101713.949999
2026-03-16,MU,MU,446.16,454.86,437.745,441.8,43067574,19027254193.2
2026-03-16,NVDA,NVDA,182.97,188.88,181.41,183.22,217307380,39815058163.6
2026-03-16,PLTR,PLTR,152.45,153.86,151.17,152.72,32898946,5024327033.12
2026-03-16,TSLA,TSLA,396.22,403.73,394.42,395.56,58068343,22969513757.08
2026-03-17,AMD,AMD,196.68,199.21,195.26,196.31,22779675,4471877999.25
2026-03-17,AMZN,AMZN,212.82,215.7,212.43,215.2,44969943,9677531733.6
2026-03-17,AVGO,AVGO,325.76,327.44,317.25,321.31,38026497,12218293751.07
2026-03-17,GOOGL,GOOGL,305.86,311.42,305.5,310.92,21955171,6826301767.320001
2026-03-17,META,META,627.985,636.55,621.7,622.66,10348755,6443755788.299999
2026-03-17,MSFT,MSFT,400.27,404.4,397.745,399.41,26228279,10475836915.390001
2026-03-17,MU,MU,452.535,462.73,445.14,461.69,43017891,19860930095.79
2026-03-17,NVDA,NVDA,185.06,185.4,181.68,181.93,182497757,33201816931.010002
2026-03-17,PLTR,PLTR,152.405,156.75,152.12,155.08,37118457,5756330311.56
2026-03-17,TSLA,TSLA,395.69,400.12,393,399.27,46890467,18721956759.09
2026-03-18,AMD,AMD,196,202.86,195.75,199.46,28569135,5698399667.1
2026-03-18,AMZN,AMZN,213.925,215.14,208.825,209.87,37846642,7942874756.54
2026-03-18,AVGO,AVGO,320.425,325.44,315.55,315.93,25460596,8043766094.28
2026-03-18,GOOGL,GOOGL,309.27,312.47,306.932,307.69,20009815,6156819977.35
2026-03-18,META,META,616.34,622.65,614.61,615.68,11726301,7219648999.679999
2026-03-18,MSFT,MSFT,397.125,398,391,391.79,25908484,10150684946.36
2026-03-18,MU,MU,464.76,471.34,458.3,461.73,58973662,27229908955.260002
2026-03-18,NVDA,NVDA,182.48,183.38,180.33,180.4,156683136,28265637734.4
2026-03-18,PLTR,PLTR,154.945,156.69,152.61,152.77,32476677,4961461945.29
2026-03-18,TSLA,TSLA,399,403.065,392.31,392.78,50853149,19974099864.219997
2026-03-19,AMD,AMD,195.032,205.88,192.83,205.27,32245329,6618998683.83
2026-03-19,AMZN,AMZN,207.06,209.12,206.05,208.76,36440622,7607344248.719999
2026-03-19,AVGO,AVGO,312.47,323.27,308.51,319.84,23524816,7524177149.44
2026-03-19,GOOGL,GOOGL,304.005,308.06,302.35,307.13,25075831,7701539975.03
2026-03-19,META,META,612.15,613,602.26,606.7,13247696,8037377163.200001
2026-03-19,MSFT,MSFT,390.1,392.49,387.06,389.02,25138772,9779485083.439999
2026-03-19,MU,MU,424.97,457.22,421.11,444.27,74591901,33138943857.27
2026-03-19,NVDA,NVDA,178.01,179.98,175.785,178.56,170968527,30528140181.12
2026-03-19,PLTR,PLTR,153.1,156.15,150.5,155.68,33915877,5280023731.360001
2026-03-19,TSLA,TSLA,387.27,387.27,378.73,380.3,67078259,25509861897.7
2026-03-20,AMD,AMD,204.885,206.3,198.26,201.33,37265103,7502583186.990001
2026-03-20,AMZN,AMZN,207.4,207.54,204.316,205.37,63694603,13080960618.11
2026-03-20,AVGO,AVGO,320.12,321.51,309.92,310.51,43325937,13453136697.869999
2026-03-20,GOOGL,GOOGL,305.46,306,298.27,301,44364079,13353587779.0
2026-03-20,META,META,603.53,603.955,587.25,593.66,21214898,12594436346.679998
2026-03-20,MSFT,MSFT,386.79,387,380.12,381.87,50853154,19419293917.98
2026-03-20,MU,MU,443.915,449.1,415.36,422.9,64224943,27160728394.699997
2026-03-20,NVDA,NVDA,178,178.26,171.72,172.7,241323528,41676573285.6
2026-03-20,PLTR,PLTR,155.2,156.65,149.09,150.68,48700189,7338144478.52
2026-03-20,TSLA,TSLA,379.85,379.89,364.46,367.96,78628603,28932180759.879997
2026-03-23,AMD,AMD,206.395,209.109,201.71,202.68,31857752,6456929175.360001
2026-03-23,AMZN,AMZN,209.79,212.8,209.51,210.14,44277356,9304443589.84
2026-03-23,AVGO,AVGO,318,326.48,314.93,322.51,27369188,8826836821.88
2026-03-23,GOOGL,GOOGL,302.11,305.98,300.93,302.06,29326946,8858497308.76
2026-03-23,META,META,605.787,608.64,599.01,604.06,13637959,8238145513.539999
2026-03-23,MSFT,MSFT,383.9,387.21,381.68,383,29680059,11367462597.0
2026-03-23,MU,MU,426.145,444.27,401.52,404.35,54807325,22161341863.75
2026-03-23,NVDA,NVDA,177.255,178.37,174.76,175.64,182836294,32113366678.159996
2026-03-23,PLTR,PLTR,153.24,161.08,153.24,160.84,57507057,9249435047.880001
2026-03-23,TSLA,TSLA,373.09,385.33,372.73,380.85,74606049,28413713761.65
2026-03-24,AMD,AMD,201.39,206.43,200.13,205.37,27258849,5598149819.13
2026-03-24,AMZN,AMZN,207.95,209.35,206.64,207.24,35351425,7326229317.0
2026-03-24,AVGO,AVGO,320,324.4,314.84,318.29,19799006,6301825619.740001
2026-03-24,GOOGL,GOOGL,299.2,299.92,290.33,290.44,36864278,10706860902.32
2026-03-24,META,META,599.1,601,591,592.92,10739742,6367807826.639999
2026-03-24,MSFT,MSFT,382.36,382.47,371.85,372.74,42733625,15928531382.5
2026-03-24,MU,MU,401.28,404.98,388.91,395.53,44975061,17788985877.329998
2026-03-24,NVDA,NVDA,174.83,176.22,173.98,175.2,147667844,25871406268.8
2026-03-24,PLTR,PLTR,160.07,162.4,151.64,154.78,56155680,8691776150.4
2026-03-24,TSLA,TSLA,376.56,387.48,376.31,383.03,60004909,22983680294.269997
2026-03-25,AMD,AMD,211.505,221.33,211.505,220.27,48518269,10687119112.630001
2026-03-25,AMZN,AMZN,211.56,213.07,209.9,211.71,36388791,7703870942.610001
2026-03-25,AVGO,AVGO,322.59,324.3,316.719,318.81,19899988,6344315174.28
2026-03-25,GOOGL,GOOGL,293.44,296,289.24,290.93,29460669,8570992432.17
2026-03-25,META,META,598.74,603.67,593.4,594.89,12585031,7486709091.59
2026-03-25,MSFT,MSFT,376.92,377.06,369.63,371.04,31181163,11569458719.52
2026-03-25,MU,MU,383,388.92,371.381,382.09,55328681,21140535723.289997
2026-03-25,NVDA,NVDA,177.1,181.22,176.85,178.68,162602054,29053735008.72
2026-03-25,PLTR,PLTR,157.42,160.27,154.855,154.96,38543289,5972668063.440001
2026-03-25,TSLA,TSLA,389.99,396.23,385.01,385.95,55157265,21287946426.75
2026-03-26,AMD,AMD,217.979,221,203.43,203.77,49212976,10028128119.52
2026-03-26,AMZN,AMZN,210.61,212.885,207.12,207.54,46745978,9701660274.119999
2026-03-26,AVGO,AVGO,314.02,316.92,309.17,309.415,20343712,6294649648.4800005
2026-03-26,GOOGL,GOOGL,287.91,287.95,278.5,280.92,39080578,10978515971.76
2026-03-26,META,META,582.49,583,543.35,547.54,35780131,19591052927.739998
2026-03-26,MSFT,MSFT,370.815,374.72,365.19,365.97,36836574,13481080986.78
2026-03-26,MU,MU,370.02,374.25,350,355.46,54515896,19378220392.16
2026-03-26,NVDA,NVDA,176.07,176.51,171.14,171.24,186152232,31876708207.68
2026-03-26,PLTR,PLTR,153.055,153.12,147.25,147.56,43038425,6350749993.0
2026-03-26,TSLA,TSLA,381.6,384.44,371.87,372.11,55522879,20660618504.690002
2026-03-27,AMD,AMD,201.77,203.27,197.69,201.99,29206578,5899436690.22
2026-03-27,AMZN,AMZN,206.455,206.6,199.14,199.34,56009763,11164986156.42
2026-03-27,AVGO,AVGO,307.06,307.5,298.87,300.68,23593929,7094222571.72
2026-03-27,GOOGL,GOOGL,277.275,279.37,273.95,274.34,35890612,9846230496.08
2026-03-27,META,META,540.1,543.6,520.26,525.72,30133010,15841526017.2
2026-03-27,MSFT,MSFT,361.9,362.45,356.51,356.77,37883400,13515660618.0
2026-03-27,MU,MU,359.86,368.7,354.06,357.22,45806655,16363053299.1
2026-03-27,NVDA,NVDA,170,170.97,167.01,167.52,196212684,32869548823.68
2026-03-27,PLTR,PLTR,145.88,145.96,141.56,143.06,35790820,5120234709.2
2026-03-27,TSLA,TSLA,369.69,369.86,359.47,361.83,62065659,22457217395.969997
2026-03-30,AMD,AMD,204.95,208.43,192.865,196.04,41053298,8048088539.92
2026-03-30,AMZN,AMZN,201.48,203.8,199.98,200.95,46373797,9318814507.15
2026-03-30,AVGO,AVGO,300.87,304.77,289.96,293.41,28054452,8231456761.320001
2026-03-30,GOOGL,GOOGL,276.42,277.09,272.11,273.5,35141244,9611130234.0
2026-03-30,META,META,536.38,539.55,528.54,536.38,22795203,12226890985.14
2026-03-30,MSFT,MSFT,361.895,365.36,356.28,358.96,44797002,16080331837.919998
2026-03-30,MU,MU,362.66,362.81,318.4,321.8,73833238,23759535988.4
2026-03-30,NVDA,NVDA,168.78,169.45,164.27,165.17,185626992,30660010268.64
2026-03-30,PLTR,PLTR,143.27,144.12,136.3,137.55,41289824,5679415291.200001
2026-03-30,TSLA,TSLA,365.86,367.29,352.14,355.28,67954405,24142841008.399998
2026-03-31,AMD,AMD,198.05,204,196.41,203.43,42318748,8608902905.64
2026-03-31,AMZN,AMZN,204.845,210.28,204.14,208.27,58470078,12177563145.060001
2026-03-31,AVGO,AVGO,299.39,310.31,296.335,309.51,29289516,9065398097.16
2026-03-31,GOOGL,GOOGL,278.04,288.08,277.09,287.56,43875400,12616810024.0
2026-03-31,META,META,549.98,573.69,546.77,572.13,32898272,18822088359.36
2026-03-31,MSFT,MSFT,364.55,372.9,363.07,370.17,45244365,16748106592.050001
2026-03-31,MU,MU,321.67,337.84,311.49,337.84,73551844,24848754976.96
2026-03-31,NVDA,NVDA,166.97,174.62,166.96,174.4,226181301,39446018894.4
2026-03-31,PLTR,PLTR,140.02,147.86,138.97,146.28,45558573,6664308058.44
2026-03-31,TSLA,TSLA,361.51,373.33,361,371.75,75534934,28080111714.5
2026-04-01,AMD,AMD,207.585,213.83,205.84,210.21,40835794,8584092256.740001
2026-04-01,AMZN,AMZN,210.435,213.58,208.19,210.57,45955395,9676827525.15
2026-04-01,AVGO,AVGO,313.365,315.79,310.48,313.49,19171020,6009923059.8
2026-04-01,GOOGL,GOOGL,290.835,300.52,290.41,297.39,37684462,11206982154.18
2026-04-01,META,META,580.13,592.547,573.82,579.23,23608128,13674535981.44
2026-04-01,MSFT,MSFT,373.49,373.99,368.2,369.37,29417206,10865833380.22
2026-04-01,MU,MU,348.905,377.89,343,367.85,74429797,27379000826.45
2026-04-01,NVDA,NVDA,176,177.37,174.75,175.75,168132005,29549199878.75
2026-04-01,PLTR,PLTR,147,148.3,144.47,146.49,34170985,5005707592.650001
2026-04-01,TSLA,TSLA,378.63,383.14,374.08,381.26,58683752,22373767287.52
2026-04-02,AMD,AMD,204.05,217.78,200.62,217.5,38463484,8365807770.0
2026-04-02,AMZN,AMZN,206.54,212.213,204.9,209.77,31453039,6597903991.030001
2026-04-02,AVGO,AVGO,304.49,314.69,301.749,314.55,14021076,4410329455.8
2026-04-02,GOOGL,GOOGL,290.69,298.08,289.45,295.77,21666465,6408290353.049999
2026-04-02,META,META,566.035,578.5,559.7,574.46,13518547,7765864509.620001
2026-04-02,MSFT,MSFT,367.205,373.64,364.15,373.46,24099067,9000037561.82
2026-04-02,MU,MU,341.34,366.94,340.2,366.24,51498685,18860878394.4
2026-04-02,NVDA,NVDA,172.18,177.49,171.37,177.39,143143157,25392164620.23
2026-04-02,PLTR,PLTR,143.485,148.51,137.99,148.46,30436962,4518671378.52
2026-04-02,TSLA,TSLA,364.195,370.28,359.03,360.59,83031226,29940229783.339996
2026-04-06,AMD,AMD,219.28,226.31,217.73,220.18,30786420,6778553955.6
2026-04-06,AMZN,AMZN,209.795,212.95,209.59,212.79,25385495,5401779481.05
2026-04-06,AVGO,AVGO,315.06,316.4,310.28,314.43,12111344,3808169893.92
2026-04-06,GOOGL,GOOGL,295.87,300.62,295.18,299.99,16945494,5083478745.06
2026-04-06,META,META,577.69,582.79,572,573.02,9515651,5452658336.0199995
2026-04-06,MSFT,MSFT,373.49,373.73,369.501,372.88,16146572,6020733767.36
2026-04-06,MU,MU,373.8,385.077,370.61,377.76,41414860,15644877513.6
2026-04-06,NVDA,NVDA,177.155,177.79,175.76,177.64,107564279,19107718521.559998
2026-04-06,PLTR,PLTR,148.36,150.61,146.631,147.93,25142245,3719292302.8500004
2026-04-06,TSLA,TSLA,362.59,367.72,346.64,352.82,77697643,27413282403.26
2026-04-07,AMD,AMD,218.255,222.098,215.375,221.53,26483009,5866780983.77
2026-04-07,AMZN,AMZN,211.24,213.97,209.075,213.77,28154557,6018599649.89
2026-04-07,AVGO,AVGO,326.73,334.15,321.8,333.97,33310926,11124849956.220001
2026-04-07,GOOGL,GOOGL,302.725,305.63,297.72,305.46,23205361,7088309571.059999
2026-04-07,META,META,572.48,575.225,564.76,575.05,9580843,5509463767.15
2026-04-07,MSFT,MSFT,370.34,372.45,366.56,372.29,21443349,7983144399.21
2026-04-07,MU,MU,374.125,379.25,364.1,377.58,40224123,15187824362.34
2026-04-07,NVDA,NVDA,175.725,178.23,173.66,178.1,132534902,23604466046.2
2026-04-07,PLTR,PLTR,146.882,150.27,144.45,150.07,28671080,4302668975.599999
2026-04-07,TSLA,TSLA,346.44,348.02,337.24,346.65,74515355,25830747810.75
2026-04-08,AMD,AMD,232.12,234,227.09,231.82,35496362,8228766638.84
2026-04-08,AMZN,AMZN,223.79,226.1,219.62,221.25,51092698,11304259432.5
2026-04-08,AVGO,AVGO,351.75,354.14,342.53,350.63,31573114,11070480961.82
2026-04-08,GOOGL,GOOGL,320.445,322.08,315.02,317.32,33547140,10645178464.8
2026-04-08,META,META,606,629.95,591.83,612.42,32036638,19619877843.96
2026-04-08,MSFT,MSFT,384.98,385,371.41,374.33,33064818,12377153321.939999
2026-04-08,MU,MU,415.13,416,398.88,406.73,49216633,20017881140.09
2026-04-08,NVDA,NVDA,184.5,185.26,180.3,182.08,147732686,26899167466.88
2026-04-08,PLTR,PLTR,154.765,156.28,139.17,140.76,64827655,9125140717.8
2026-04-08,TSLA,TSLA,363.79,364.5,339.67,343.25,78838616,27061354942.0
2026-04-09,AMD,AMD,233.014,237.1,230.91,236.64,27126209,6419146097.759999
2026-04-09,AMZN,AMZN,225.232,233.8,223.27,233.65,65964171,15412528554.15
2026-04-09,AVGO,AVGO,352.3,358.7,351.5,354.91,20514938,7280956645.580001
2026-04-09,GOOGL,GOOGL,315.905,319.54,311.06,318.49,23739173,7560689208.77
2026-04-09,META,META,626.97,637.5,623,628.39,19012912,11947523771.68
2026-04-09,MSFT,MSFT,372.5,373.5,367.05,373.07,30435297,11354496251.789999
2026-04-09,MU,MU,407.61,423.94,398.44,421.51,43100965,18167487757.149998
2026-04-09,NVDA,NVDA,181.84,184.08,180.62,183.91,116428523,21412369664.93
2026-04-09,PLTR,PLTR,139.395,139.54,128.47,130.49,92361443,12052244697.070002
2026-04-09,TSLA,TSLA,343.15,348.88,337.25,345.62,62164016,21485127209.920002
2026-04-10,AMD,AMD,239,249.58,238.96,245.04,36477243,8938383624.72
2026-04-10,AMZN,AMZN,235.295,240.43,235.21,238.38,56912842,13566883275.96
2026-04-10,AVGO,AVGO,360.94,376.55,360.82,371.55,29958080,11130924624.0
2026-04-10,GOOGL,GOOGL,320.015,321.83,316.32,317.24,19152630,6075980341.2
2026-04-10,META,META,634.47,638.58,624.33,629.86,13294844,8373890441.84
2026-04-10,MSFT,MSFT,372.98,375.64,370.03,370.87,28111128,10425574041.36
2026-04-10,MU,MU,420.29,423.86,410.05,420.59,36377568,15300041325.119999
2026-04-10,NVDA,NVDA,184.31,190,184.3,188.63,160459524,30267480012.12
2026-04-10,PLTR,PLTR,128.48,129.2,122.68,128.06,116656836,14939074418.16
2026-04-10,TSLA,TSLA,346.285,350.36,342.74,348.95,51336034,17913709064.3
2026-04-13,AMD,AMD,245.025,247.33,242.03,246.83,22781787,5623228485.21
2026-04-13,AMZN,AMZN,237.45,240,235.75,239.89,42166150,10115237723.5
2026-04-13,AVGO,AVGO,369.66,380.86,369.48,379.75,24115842,9157990999.5
2026-04-13,GOOGL,GOOGL,317.135,321.63,315.47,321.31,18866424,6061970695.44
2026-04-13,META,META,629.5,635,624.4,634.53,9538931,6052737887.429999
2026-04-13,MSFT,MSFT,373.605,384.54,371.02,384.37,35745781,13739605842.97
2026-04-13,MU,MU,416.47,426.88,408.5,426.56,37015799,15789459221.44
2026-04-13,NVDA,NVDA,186.03,189.66,185.74,189.31,133648180,25300936955.8
2026-04-13,PLTR,PLTR,130.23,134.42,129.15,132.37,65772822,8706348448.14
2026-04-13,TSLA,TSLA,350.065,356.35,348.57,352.42,53617477,18895871244.34
2026-04-14,AMD,AMD,249.79,255.46,245.7,255.07,25733227,6563774210.889999
2026-04-14,AMZN,AMZN,241.78,252.18,241.78,249.02,72685026,18100025174.52
2026-04-14,AVGO,AVGO,377.9,382.28,376.32,380.78,24423034,9299802886.519999
2026-04-14,GOOGL,GOOGL,324.785,333.29,323.75,332.91,27721351,9228714961.41
2026-04-14,META,META,643.22,666.26,639.371,662.49,17817956,11804217670.44
2026-04-14,MSFT,MSFT,387.915,394.69,386.52,393.11,37504486,14743388491.460001
2026-04-14,MU,MU,434.35,465.78,424.86,465.66,52534896,24463399671.36
2026-04-14,NVDA,NVDA,190.84,196.51,190.77,196.51,161307010,31698440535.1
2026-04-14,PLTR,PLTR,134.427,138.07,134,135.7,52786834,7163173373.799999
2026-04-14,TSLA,TSLA,357.67,367.63,354.77,364.2,59979607,21844572869.399998
2026-04-15,AMD,AMD,254.96,258.18,251.85,258.12,24695184,6374320894.08
2026-04-15,AMZN,AMZN,249.25,250.44,247.2,248.5,43045160,10696722260.0
2026-04-15,AVGO,AVGO,389.88,397.08,385.57,396.72,29559299,11726765099.28
2026-04-15,GOOGL,GOOGL,332.89,337.48,330.9,337.12,24918842,8400640015.04
2026-04-15,META,META,667,678.5,664.22,671.58,14952577,10041851661.66
2026-04-15,MSFT,MSFT,398,414.37,396.73,411.22,45063389,18530966824.58
2026-04-15,MU,MU,457.625,463.95,439.32,456.23,40370110,18418055285.3
2026-04-15,NVDA,NVDA,196.54,200.4,195.74,198.87,185338388,36858245221.56
2026-04-15,PLTR,PLTR,136.79,142.58,134.93,142.15,48389446,6878559748.900001
2026-04-15,TSLA,TSLA,366.83,394.65,362.5,391.95,113810355,44607968642.25
2026-04-16,AMD,AMD,264.99,279.34,261.51,278.26,64850772,18045375816.72
2026-04-16,AMZN,AMZN,248.51,250,244.2,249.7,41895711,10461359036.699999
2026-04-16,AVGO,AVGO,395,399.68,392.35,398.47,18872895,7520282470.650001
2026-04-16,GOOGL,GOOGL,338.75,339.88,334.52,336.02,20541487,6902350461.74
2026-04-16,META,META,675.99,677.58,667.75,676.87,9544835,6460612466.45
2026-04-16,MSFT,MSFT,419.86,420.82,412.14,420.26,41642361,17500618633.86
2026-04-16,MU,MU,452.96,462.34,444.38,457.23,33626377,15374988355.710001
2026-04-16,NVDA,NVDA,197.43,199.85,195.81,198.35,134012859,26581450582.649998
2026-04-16,PLTR,PLTR,144.29,145.55,139.53,142.76,43746002,6245179245.5199995
2026-04-16,TSLA,TSLA,393.81,394.06,381.8,388.9,63515136,24701036390.399998
2026-04-17,AMD,AMD,281,281.05,274.14,278.39,35519852,9888371598.279999
2026-04-17,AMZN,AMZN,254.985,256.18,250.11,250.56,52029291,13036459152.960001
2026-04-17,AVGO,AVGO,400.9,406.725,399.81,406.54,20581701,8367284724.54
2026-04-17,GOOGL,GOOGL,337.65,342.32,336.24,341.68,25581881,8740817100.08
2026-04-17,META,META,678.6,691.52,675.13,688.55,16283480,11211990154.0
2026-04-17,MSFT,MSFT,424.82,431.58,420.69,422.79,48568190,20534145050.100002
2026-04-17,MU,MU,466.85,470.97,452.2,455.07,33405025,15201624726.75
2026-04-17,NVDA,NVDA,199.9,201.7,199.27,201.68,160324416,32334228218.88
2026-04-17,PLTR,PLTR,145.315,148.28,143.3,146.39,50657587,7415764160.929999
2026-04-17,TSLA,TSLA,395.92,409.28,391.65,400.62,90640032,36312209619.840004
2026-04-20,AMD,AMD,280.6,287.61,272,274.95,34833859,9577569532.05
2026-04-20,AMZN,AMZN,249.19,250.18,245.365,248.28,39463106,9797899957.68
2026-04-20,AVGO,AVGO,405.7,406.42,395.9,399.63,16922033,6762552047.79
2026-04-20,GOOGL,GOOGL,340.755,341.4,336.61,337.42,18784226,6338173536.92
2026-04-20,META,META,681.36,683.38,668,670.91,12533951,8409153065.41
2026-04-20,MSFT,MSFT,421.145,423.33,416.3,418.07,27582237,11531305822.59
2026-04-20,MU,MU,458.25,464.56,435.9,448.42,32013562,14355521472.04
2026-04-20,NVDA,NVDA,199.98,202.17,197.84,202.06,119381388,24122203259.28
2026-04-20,PLTR,PLTR,145,147.2,143.83,145.89,33482669,4884786580.41
2026-04-20,TSLA,TSLA,402.58,406.8,388.33,392.5,64603868,25357018190.0
2026-04-21,AMD,AMD,277.33,286.2,276.62,284.49,38950875,11081134428.75
2026-04-21,AMZN,AMZN,255.09,255.09,249.1,249.91,42922398,10726736484.18
2026-04-21,AVGO,AVGO,399.41,403.6,394.57,402.17,16275473,6545506976.41
2026-04-21,GOOGL,GOOGL,337.685,339.34,331.35,332.29,23123795,7683805840.55
2026-04-21,META,META,671,676.2,667.33,668.84,8660100,5792221284.0
2026-04-21,MSFT,MSFT,420.24,427.18,417.2,424.16,32048495,13593689639.2
2026-04-21,MU,MU,451.32,457.82,441.3,449.38,27733985,12463098179.3
2026-04-21,NVDA,NVDA,202.13,202.75,199,199.88,107945302,21576106963.76
2026-04-21,PLTR,PLTR,146.81,149.87,143.999,145.97,44829990,6543833640.3
2026-04-21,TSLA,TSLA,393,393.95,385.22,386.42,50530611,19526038702.62
2026-04-22,AMD,AMD,291.215,304.25,286.14,303.46,49054237,14885998760.019999
2026-04-22,AMZN,AMZN,252.44,255.94,250.33,255.36,36065067,9209575509.12
2026-04-22,AVGO,AVGO,406.98,423.2,404.86,422.65,23702546,10017881066.9
2026-04-22,GOOGL,GOOGL,337.02,339.82,335.17,339.32,20293014,6885825510.48
2026-04-22,META,META,674.355,678.38,669.75,674.72,9215603,6217951656.16
2026-04-22,MSFT,MSFT,426.185,433.7,423.67,432.92,29378173,12718398655.16
2026-04-22,MU,MU,462.93,491.98,458.56,487.48,45998149,22423177674.52
2026-04-22,NVDA,NVDA,200.99,202.5,199,202.5,107501042,21768961005.0
2026-04-22,PLTR,PLTR,148.36,152.68,147.41,152.62,43701459,6669716672.58
2026-04-22,TSLA,TSLA,387.57,393.01,385.3,387.51,62362785,24166202815.35
2026-04-23,AMD,AMD,302.01,310.22,299.76,305.33,45619726,13929070939.58
2026-04-23,AMZN,AMZN,255.39,258.79,253.07,255.08,39091394,9971432781.52
2026-04-23,AVGO,AVGO,422.39,429.31,417.8,419.94,19501553,8189482166.82
2026-04-23,GOOGL,GOOGL,341.18,341.96,336.18,338.89,18650256,6320385255.84
2026-04-23,META,META,663.7,669.56,653.05,659.15,11666981,7690290526.15
2026-04-23,MSFT,MSFT,419.885,423.66,411.41,415.75,38307959,15926533954.25
2026-04-23,MU,MU,482.28,493.62,471.8,481.72,38178002,18391107123.440002
2026-04-23,NVDA,NVDA,202.46,203.829,197.221,199.64,113561830,22671483741.199997
2026-04-23,PLTR,PLTR,149.7,150.29,139.92,141.57,58654421,8303706380.969999
2026-04-23,TSLA,TSLA,375.28,386,368.39,373.72,93969510,35118285277.200005
2026-04-24,AMD,AMD,336.755,352.99,334.54,347.81,81616660,28387090514.6
2026-04-24,AMZN,AMZN,259.98,264.5,257.685,263.99,53777353,14196683418.470001
2026-04-24,AVGO,AVGO,424.98,425,408.86,422.76,22491076,9508327289.76
2026-04-24,GOOGL,GOOGL,338.725,345.27,335.39,344.4,26426061,9101135408.4
2026-04-24,META,META,660.32,680.67,653.84,675.03,13348279,9010488773.369999
2026-04-24,MSFT,MSFT,416.97,424.95,415.8,424.62,27457404,11658962886.48
2026-04-24,MU,MU,495.915,506.99,489.36,496.72,35379587,17573748454.64
2026-04-24,NVDA,NVDA,199.96,210.95,199.81,208.27,214134441,44597780027.07
2026-04-24,PLTR,PLTR,142.96,143.33,138.93,143.09,38677156,5534314252.04
2026-04-24,TSLA,TSLA,373.5,382.76,370.73,376.3,62893307,23666751424.100002
2026-04-27,AMD,AMD,346.32,349.21,328.81,334.63,50585307,16927361281.41
2026-04-27,AMZN,AMZN,263.46,264.15,260.34,261.12,44906840,11726074060.800001
2026-04-27,AVGO,AVGO,420.475,422.75,414.63,418.2,17451598,7298258283.599999
2026-04-27,GOOGL,GOOGL,345.98,353.18,342.73,350.34,28576887,10011626591.58
2026-04-27,META,META,670.995,682.5,670.84,678.62,12805222,8689879753.64
2026-04-27,MSFT,MSFT,422.375,427.11,417.07,424.82,30867303,13113047660.46
2026-04-27,MU,MU,510.56,531.36,510.019,524.56,41298792,21663694331.519997
2026-04-27,NVDA,NVDA,209.645,216.825,207.38,216.61,187172421,40543418112.810005
2026-04-27,PLTR,PLTR,141.25,145.07,141.01,143.1,31275433,4475514462.3
2026-04-27,TSLA,TSLA,372.09,380.78,364.02,378.67,66735816,25270851444.72
2026-04-28,AMD,AMD,311.86,327.5,310,323.21,43002479,13898831237.589998
2026-04-28,AMZN,AMZN,258.39,261.03,256.63,259.7,42204447,10960494885.9
2026-04-28,AVGO,AVGO,400.305,405.81,394.65,399.83,25519212,10203346533.96
2026-04-28,GOOGL,GOOGL,348.55,352.42,346.12,349.78,27824052,9732296908.56
2026-04-28,META,META,674.24,678.18,665.625,671.34,10606755,7120738901.700001
2026-04-28,MSFT,MSFT,424.57,429.92,421.9,429.25,30438087,13065548844.75
2026-04-28,MU,MU,503.54,518.833,488.23,504.29,44816645,22600585907.05
2026-04-28,NVDA,NVDA,209.49,214.73,208.2,213.17,180275363,38429299130.71
2026-04-28,PLTR,PLTR,142.3,143.85,140.42,141.18,24757213,3495223331.34
2026-04-28,TSLA,TSLA,374.675,382.29,372.54,376.02,50864357,19126015519.14
2026-04-29,AMD,AMD,326.58,340.17,318.86,337.11,44704367,15070289159.37
2026-04-29,AMZN,AMZN,257.99,265.91,257.7,263.04,72367910,19035655046.4
2026-04-29,AVGO,AVGO,403.5,405.64,396.78,405.45,15962458,6471978596.099999
2026-04-29,GOOGL,GOOGL,347.565,355.79,344.21,349.94,35376328,12379592220.32
2026-04-29,META,META,668.91,674.25,663.808,669.12,18947464,12678127111.68
2026-04-29,MSFT,MSFT,424.575,426.82,420.29,424.46,38288316,16251858609.359999
2026-04-29,MU,MU,526,531.02,508.8,518.46,36248450,18793371387.0
2026-04-29,NVDA,NVDA,212.7,212.72,207.576,209.25,123711821,25886698544.25
2026-04-29,PLTR,PLTR,139.76,139.76,134.68,137.97,33348062,4601032114.14
2026-04-29,TSLA,TSLA,375.4,376.4,370.04,372.8,45384836,16919466860.800001
2026-04-30,AMD,AMD,341.355,354.96,332.6,354.49,42115325,14929461559.25
2026-04-30,AMZN,AMZN,273.17,273.88,256.16,265.06,100974867,26764398247.02
2026-04-30,AVGO,AVGO,415.52,418.38,404.23,417.43,21821575,9108980052.25
2026-04-30,GOOGL,GOOGL,374.07,385.84,365.82,384.8,72039993,27720989306.4
2026-04-30,META,META,619.32,620.85,600,611.91,52764984,32287421359.44
2026-04-30,MSFT,MSFT,410.81,414.42,398.01,407.78,70909408,28915438394.239998
2026-04-30,MU,MU,529.74,535.5,502.575,517.16,36554397,18904471952.52
2026-04-30,NVDA,NVDA,209.93,210.3,198.7,199.57,225239156,44950978362.92
2026-04-30,PLTR,PLTR,138.475,140.2,136.65,139.11,32523579,4524355074.690001
2026-04-30,TSLA,TSLA,372.75,384.75,368.17,381.63,51076041,19492149526.829998
2026-05-01,AMD,AMD,351.87,362.79,349.25,360.54,34279169,12359011591.26
2026-05-01,AMZN,AMZN,265.58,273.315,262.74,268.26,50825231,13634376468.06
2026-05-01,AVGO,AVGO,415.092,423.17,413.28,421.28,11882589,5005897093.92
2026-05-01,GOOGL,GOOGL,381.63,386.76,379.05,385.69,30105226,11611284615.94
2026-05-01,META,META,614.69,618.88,606.11,608.745,21404028,13029595024.86
2026-05-01,MSFT,MSFT,412.8,417.11,410.435,414.44,31372361,13001961292.84
2026-05-01,MU,MU,511.78,545.91,510.21,542.21,40215252,21805111786.920002
2026-05-01,NVDA,NVDA,201.28,203,197.12,198.45,128646996,25529996356.199997
2026-05-01,PLTR,PLTR,143.25,146.44,141.39,144.07,33219902,4785991281.139999
2026-05-01,TSLA,TSLA,382.485,397.821,378.8,390.82,65338257,25535497600.739998
2026-05-04,AMD,AMD,360.31,361.85,338.7,341.54,42000243,14344762994.220001
2026-05-04,AMZN,AMZN,268.795,276.1,268.795,272.05,49083734,13353229834.7
2026-05-04,AVGO,AVGO,418.215,423.83,409.53,416.5,15140433,6305990344.5
2026-05-04,GOOGL,GOOGL,385.63,387.38,379.79,383.25,26298574,10078928485.5
2026-05-04,META,META,607.935,614,602.75,610.41,16203902,9891023819.82
2026-05-04,MSFT,MSFT,411.54,420.78,410.8,413.62,28066528,11608877311.36
2026-05-04,MU,MU,560.6,592.799,557.76,576.45,46043705,26541893747.250004
2026-05-04,NVDA,NVDA,199.5,201.73,194.74,198.48,125368092,24883058900.16
2026-05-04,PLTR,PLTR,147.75,149.64,145.225,146.03,70525850,10298889875.5
2026-05-04,TSLA,TSLA,390.23,394.64,384.8,392.51,48765143,19140806278.93
2026-05-05,AMD,AMD,351.51,359.572,344.88,355.26,64235117,22820167665.42
2026-05-05,AMZN,AMZN,276.075,278.56,272.38,273.55,41908529,11464078107.95
2026-05-05,AVGO,AVGO,421.66,433.39,419.35,427.36,21175177,9049423642.720001
2026-05-05,GOOGL,GOOGL,386.23,392.82,384.02,388.43,23878626,9275174697.18
2026-05-05,META,META,613.31,614.35,600.36,604.96,17171301,10387950252.960001
2026-05-05,MSFT,MSFT,415.32,416.78,408.8,411.38,25700891,10572832539.58
2026-05-05,MU,MU,609.775,651.74,605.47,640.2,64268503,41144695620.600006
2026-05-05,NVDA,NVDA,199.3,200.24,196.03,196.5,113406620,22284400830.0
2026-05-05,PLTR,PLTR,140.295,142.98,134.72,135.91,89747094,12197527545.539999
2026-05-05,TSLA,TSLA,395.185,402.12,389,389.37,47780631,18604344292.47
2026-05-06,AMD,AMD,409.49,430.6,402.04,421.39,87732167,36969457852.13
2026-05-06,AMZN,AMZN,272.89,277.8,272.208,274.99,44551955,12251342105.45
2026-05-06,AVGO,AVGO,435.56,437.68,417.78,425.44,20707022,8809595439.68
2026-05-06,GOOGL,GOOGL,394.245,399.85,392.76,398.04,31308476,12462025787.04
2026-05-06,META,META,601.05,619.95,598.1,612.88,19915460,12205787124.8
2026-05-06,MSFT,MSFT,408,418.423,405.11,413.96,30285898,12537150336.08
2026-05-06,MU,MU,660.37,667.67,627.58,666.59,55725835,37146284352.65
2026-05-06,NVDA,NVDA,199.89,208.265,198.61,207.83,188362812,39147443217.96
2026-05-06,PLTR,PLTR,133.71,135.7,131.15,133.79,55524828,7428666738.12
2026-05-06,TSLA,TSLA,386.25,401.68,384.02,398.73,53465365,21318244986.45
2026-05-07,AMD,AMD,417.07,421.71,401.08,408.46,44885481,18333923569.26
2026-05-07,AMZN,AMZN,275.02,276.63,270.49,271.17,35892879,9733071998.43
2026-05-07,AVGO,AVGO,421.82,426.49,406.3,412.56,22791741,9402960666.960001
2026-05-07,GOOGL,GOOGL,399.92,400.1,392.68,397.99,24433490,9724284685.1
2026-05-07,META,META,614.72,624.98,613.54,616.81,12307372,7591310123.32
2026-05-07,MSFT,MSFT,420.11,427.98,418.76,420.77,34942445,14702732582.65
2026-05-07,MU,MU,649.83,683.09,635.42,646.63,47527514,30732716377.82
2026-05-07,NVDA,NVDA,208.34,214.2,206.5,211.5,168307873,35597115139.5
2026-05-07,PLTR,PLTR,135.1,140.95,134.78,137.05,50184874,6877836981.700001
2026-05-07,TSLA,TSLA,407.48,415.83,402.12,411.79,64294224,26475718500.960003
2026-05-08,AMD,AMD,418.59,456.29,418.29,455.19,58134868,26462410564.92
2026-05-08,AMZN,AMZN,271.63,274,269.95,272.68,34732681,9470907455.08
2026-05-08,AVGO,AVGO,419.8,435,414,430,22561421,9701411030.0
2026-05-08,GOOGL,GOOGL,397,402,396.36,400.8,21461849,8601909079.2
2026-05-08,META,META,615.2,616.77,606.06,609.63,13556963,8264731353.69
2026-05-08,MSFT,MSFT,417.385,418.63,414,415.12,33383790,13858278904.8
2026-05-08,MU,MU,676.45,747.21,676.21,746.81,65130914,48640417884.34
2026-05-08,NVDA,NVDA,213.03,217.8,212.89,215.2,136421361,29357876887.199997
2026-05-08,PLTR,PLTR,135.865,137.88,133.02,137.8,41745393,5752515155.400001
2026-05-08,TSLA,TSLA,416.475,431.2,416.39,428.35,65049970,27864154649.5
2026-05-11,AMD,AMD,460.55,469.215,450.88,458.79,46085390,21143516078.100002
2026-05-11,AMZN,AMZN,269.835,273.63,268.48,268.99,38176696,10269149457.04
2026-05-11,AVGO,AVGO,427.615,433.646,425.05,428.43,16825489,7208544252.27
2026-05-11,GOOGL,GOOGL,393.645,397.44,388.47,388.64,30753738,11952132736.32
2026-05-11,META,META,604.57,604.907,598.08,598.86,15940622,9546200890.92
2026-05-11,MSFT,MSFT,407.87,412.69,405.5,412.66,35657943,14714606758.380001
2026-05-11,MU,MU,792.98,818.67,768,795.33,70972938,56446906779.54
2026-05-11,NVDA,NVDA,214.035,222.3,213.89,219.44,160685774,35260886246.56
2026-05-11,PLTR,PLTR,134.91,137.14,132.771,136.89,41414474,5669227345.86
2026-05-11,TSLA,TSLA,422.16,449.16,416.8,445,78376127,34877376515.0
2026-05-12,AMD,AMD,449.25,458.8,426.11,448.29,39140061,17546097945.690002
2026-05-12,AMZN,AMZN,266.71,267.65,262.63,265.82,36776221,9775855066.22
2026-05-12,AVGO,AVGO,423.43,429.34,408.41,419.3,19004345,7968521858.5
2026-05-12,GOOGL,GOOGL,387.34,388.52,382.77,387.35,26017488,10077873976.800001
2026-05-12,META,META,594.815,603.745,592.6,603,11351559,6844990077.0
2026-05-12,MSFT,MSFT,414.48,415.5,406.64,407.77,38594221,15737565497.17
2026-05-12,MU,MU,774.7,782.76,706.601,766.58,73742954,56529873677.32
2026-05-12,NVDA,NVDA,218.545,223.75,214.92,220.78,159176619,35143013942.82
2026-05-12,PLTR,PLTR,136.6,137.43,133.46,136,38781122,5274232592.0
2026-05-12,TSLA,TSLA,441.41,447.8,422.26,433.45,60569303,26253764385.35
2026-05-13,AMD,AMD,457.035,459.5,432.65,445.5,30423354,13553604207.0
2026-05-13,AMZN,AMZN,264.43,270.72,263.2,270.13,39670915,10716304268.95
2026-05-13,AVGO,AVGO,415.805,418.63,404.8,416.79,16981163,7077578926.77
2026-05-13,GOOGL,GOOGL,385.595,403.7,385,402.62,28144555,11331560734.1
2026-05-13,META,META,598.83,619.9,596.66,616.63,14634394,9024006372.22
2026-05-13,MSFT,MSFT,403.2,406.31,401.03,405.21,29667073,12021394650.33
2026-05-13,MU,MU,813.155,814.95,779.47,803.63,54875148,44099315187.24
2026-05-13,NVDA,NVDA,224.93,227.84,221.565,225.83,150405386,33966048320.38
2026-05-13,PLTR,PLTR,134.006,136.99,128.75,130.05,55189399,7177381339.950001
2026-05-13,TSLA,TSLA,436.665,453.4,430.21,445.27,68283229,30404473376.829998
2026-05-14,AMD,AMD,440.6,453.31,435.68,449.7,26113570,11743272429.0
2026-05-14,AMZN,AMZN,269.15,270.78,266.63,267.22,31338435,8374256600.700001
2026-05-14,AVGO,AVGO,416.73,442.36,415.59,439.79,19733760,8678710310.4
2026-05-14,GOOGL,GOOGL,397.28,402.93,395.84,401.07,21136716,8477302686.12
2026-05-14,META,META,616,623.73,615,618.43,10651173,6587004918.389999
2026-05-14,MSFT,MSFT,404.48,411.84,400.88,409.43,27077542,11086358021.06
2026-05-14,MU,MU,787.62,812,775.63,776.01,42142707,32703162059.07
2026-05-14,NVDA,NVDA,229.85,236.54,229.3,235.74,180782857,42617750709.18
2026-05-14,PLTR,PLTR,129.65,134.48,129.45,133.73,37052595,4955043529.349999
2026-05-14,TSLA,TSLA,446.49,451.98,441.16,443.3,46070361,20422991031.3
2026-05-15,AMD,AMD,433.34,439,423.362,424.1,29131579,12354702653.900002
2026-05-15,AMZN,AMZN,262.5,264.355,260.89,264.14,40770344,10769078664.16
2026-05-15,AVGO,AVGO,432.81,432.81,419.8,425.19,18957093,8060366372.67
2026-05-15,GOOGL,GOOGL,396.315,399.54,393.18,396.78,20309702,8058483559.559999
2026-05-15,META,META,613.99,621.2,609.31,614.23,13272567,8152408828.41
2026-05-15,MSFT,MSFT,414.27,428.17,412.91,421.92,50771160,21421367827.2
2026-05-15,MU,MU,732.57,749.59,719,724.66,48519043,35159809700.38
2026-05-15,NVDA,NVDA,229.76,231.5,224.24,225.32,180977639,40777881619.479996
2026-05-15,PLTR,PLTR,132.8,135.64,132.29,133.99,32629745,4372059532.55
2026-05-15,TSLA,TSLA,433.98,434.66,422,422.24,52688742,22247294422.08
2026-05-18,AMD,AMD,429.5,438.8,410.71,420.99,28432130,11969642408.7
2026-05-18,AMZN,AMZN,263.865,268.85,262.53,264.86,33690787,8923341844.82
2026-05-18,AVGO,AVGO,421.41,422.01,414.37,420.71,17863287,7515263473.7699995
2026-05-18,GOOGL,GOOGL,395.685,408.61,394.53,396.94,26837196,10652756580.24
2026-05-18,META,META,609.105,615.59,603.69,611.21,13772443,8417854886.030001
2026-05-18,MSFT,MSFT,416.62,425.12,415.61,423.54,32564130,13792211620.2
2026-05-18,MU,MU,750.46,757,663.25,681.54,60042491,40921359316.14
2026-05-18,NVDA,NVDA,229.87,230,218.37,222.32,146280896,32521168798.719997
2026-05-18,PLTR,PLTR,132.5,135.935,131.33,135.14,32034602,4329156114.28
2026-05-18,TSLA,TSLA,419.27,421.13,405.33,409.99,52474188,21513892338.12
2026-05-19,AMD,AMD,412.6,428.75,393.36,414.05,38756913,16047299827.65
2026-05-19,AMZN,AMZN,262.04,262.25,255.19,259.34,40340697,10461956359.98
2026-05-19,AVGO,AVGO,409.815,417.95,405.86,411.07,20652068,8489445592.76
2026-05-19,GOOGL,GOOGL,396.96,397.15,386.11,387.66,39545672,15330275207.52
2026-05-19,META,META,608.92,613.93,600.55,602.61,11749947,7080635561.67
2026-05-19,MSFT,MSFT,429.9,432.7,416.49,417.42,33018678,13782656570.76
2026-05-19,MU,MU,665.58,725.95,652.21,698.74,61792066,43176588196.840004
2026-05-19,NVDA,NVDA,219.62,224.48,217.91,220.61,140948207,31094583946.27
2026-05-19,PLTR,PLTR,135.17,137.47,133.6,135.26,29777288,4027675974.8799996
2026-05-19,TSLA,TSLA,403.16,405.63,393.63,404.11,46500551,18791337664.61
2026-05-20,AMD,AMD,428.04,449.39,426.05,447.58,36137499,16174421802.42
2026-05-20,AMZN,AMZN,260.05,265.58,259.533,265.01,34933152,9257634611.52
2026-05-20,AVGO,AVGO,412.81,424.17,411.42,417.76,16312553,6814732141.28
2026-05-20,GOOGL,GOOGL,387.7,393.86,382.9,388.91,31744404,12345716159.640001
2026-05-20,META,META,600.755,608,597.81,605.06,11329709,6855153727.539999
2026-05-20,MSFT,MSFT,414.165,422.1,411.3,421.06,27864016,11732422576.960001
2026-05-20,MU,MU,734.955,735.68,700.66,731.99,48827357,35741137050.43
2026-05-20,NVDA,NVDA,223.18,226.13,220.495,223.47,184201587,41163528646.89
2026-05-20,PLTR,PLTR,134.145,137.24,132.42,137.15,31307677,4293847900.55
2026-05-20,TSLA,TSLA,407.6,417.46,406.39,417.26,45294745,18899685298.7
2026-05-21,AMD,AMD,441.99,451.2,431.6,449.59,27251983,12252219036.97
2026-05-21,AMZN,AMZN,263.5,269.49,261.37,268.46,36591743,9823419325.779999
2026-05-21,AVGO,AVGO,413.55,422.25,410.5,414.57,16865293,6991844519.01
2026-05-21,GOOGL,GOOGL,385.7,392.5,383.02,387.66,24852843,9634453117.380001
2026-05-21,META,META,600,609.6,594.808,607.38,13476078,8185100255.64
2026-05-21,MSFT,MSFT,424.75,426.34,415.71,419.09,31393469,13156688923.21
2026-05-21,MU,MU,736.36,764.9,732.2,762.1,42461460,32359878666.0
2026-05-21,NVDA,NVDA,222.29,227.4,217.93,219.51,203381760,44644330137.6
2026-05-21,PLTR,PLTR,135.8,138.55,135.42,137.415,24311882,3340817265.0299997
2026-05-21,TSLA,TSLA,422.175,426.95,412.9,417.85,42636854,17815809443.9
2026-05-22,AMD,AMD,469.84,481.41,461.71,467.51,34758602,16249994021.02
2026-05-22,AMZN,AMZN,268.655,269.785,266.235,266.32,27535526,7333261284.32
2026-05-22,AVGO,AVGO,417.49,419.99,410.21,414.14,14086441,5833758675.74
2026-05-22,GOOGL,GOOGL,387.345,388.74,381.772,382.97,20442123,7828719845.31
2026-05-22,META,META,607.88,614.81,606.95,610.26,11688623,7133099071.98
2026-05-22,MSFT,MSFT,419.535,424.4,416.33,418.57,22390344,9371926288.08
2026-05-22,MU,MU,756.815,780.2,747.2,751,36002915,27038189165.0
2026-05-22,NVDA,NVDA,220.904,221.01,214.8,215.33,169275710,36450138634.3
2026-05-22,PLTR,PLTR,137.425,139.02,134.3,136.88,27578014,3774878556.3199997
2026-05-22,TSLA,TSLA,422.665,431.51,420.51,426.01,46104710,19641067507.1
2026-05-26,AMD,AMD,484.74,506.96,480.23,503.89,38473784,19386555019.76
2026-05-26,AMZN,AMZN,267.94,269.3,262.07,265.29,38028118,10088479424.220001
2026-05-26,AVGO,AVGO,418.5,435.31,417,422.01,22562895,9521767318.949999
2026-05-26,GOOGL,GOOGL,384.51,389.26,382.6,388.88,27747388,10790404245.44
2026-05-26,META,META,608.89,614.47,605.3,612.34,12234166,7491469208.440001
2026-05-26,MSFT,MSFT,416.43,419.77,413.02,416.03,30398049,12646500325.47
2026-05-26,MU,MU,820.5,916.8,820.295,895.88,76560763,68589256356.44
2026-05-26,NVDA,NVDA,216.54,218.18,212,214.86,187202576,40222345479.36
2026-05-26,PLTR,PLTR,136.16,138.68,133.3,136.6,31723941,4333490340.599999
2026-05-26,TSLA,TSLA,430.26,435.2,426.12,433.59,45658897,19797241150.23
2026-05-27,AMD,AMD,508,510.21,486.66,495.54,27589331,13671617083.74
2026-05-27,AMZN,AMZN,266.15,272.41,265.7,271.85,40061864,10890817728.400002
2026-05-27,AVGO,AVGO,425.07,432.8,416.49,421.86,17601013,7425163344.18
2026-05-27,GOOGL,GOOGL,386.665,393.88,385.9,388.83,23087287,8977029804.21
2026-05-27,META,META,609.395,638.5,609,635.255,23143594,14702083806.47
2026-05-27,MSFT,MSFT,411.01,415.94,409.58,412.67,28901479,11926773338.93
2026-05-27,MU,MU,955.66,956.16,888.15,928.41,72295713,67120062906.329994
2026-05-27,NVDA,NVDA,214.12,214.15,208.78,212.6,167601172,35632009167.2
2026-05-27,PLTR,PLTR,133.3,135.73,131.63,132.51,34159784,4526512977.84
2026-05-27,TSLA,TSLA,442.89,445.6,435.52,440.36,44656505,19664938541.8
2026-05-28,AMD,AMD,499,527.2,493.52,518.09,31438519,16287982308.710001
2026-05-28,AMZN,AMZN,272.27,274.5,267.44,274,40630385,11132725490.0
2026-05-28,AVGO,AVGO,421.14,429.68,414.01,426.58,17855573,7616830330.34
2026-05-28,GOOGL,GOOGL,388,391.87,385.16,390.13,24357455,9502573919.15
2026-05-28,META,META,639.495,643,629.31,635.29,16772379,10655324654.91
2026-05-28,MSFT,MSFT,412.975,429.49,412.67,426.99,47250541,20175508501.59
2026-05-28,MU,MU,929.83,949.49,904.78,923.52,49694349,45893725188.479996
2026-05-28,NVDA,NVDA,211.275,215.519,211.22,214.25,143996048,30851153284.0
2026-05-28,PLTR,PLTR,133.16,145,133,143.34,52085169,7465888124.46
2026-05-28,TSLA,TSLA,437.615,443.96,436.3,442.1,32434996,14339511731.6
2026-05-29,AMD,AMD,520.8,522,503.43,516.1,30803236,15897550099.6
2026-05-29,AMZN,AMZN,271.29,274.75,269.64,270.64,54749561,14817421189.039999
2026-05-29,AVGO,AVGO,432.95,448.9,431.471,446.77,41798353,18674250169.809998
2026-05-29,GOOGL,GOOGL,385.24,385.24,378.46,380.34,44415846,16893122867.64
2026-05-29,META,META,633.5,634.5,623.35,632.51,19806536,12527832085.36
2026-05-29,MSFT,MSFT,432.545,450.33,432.36,450.24,79654376,35863586250.24
2026-05-29,MU,MU,957,981,940.51,971,60498561,58744102731.0
2026-05-29,NVDA,NVDA,214.575,217.86,211.13,211.14,289410623,61106158940.21999
2026-05-29,PLTR,PLTR,147.825,157.779,145.79,156.54,92196609,14432457172.859999
2026-05-29,TSLA,TSLA,439.845,441.07,428.14,435.79,45176821,19687606823.59
2026-06-01,AMD,AMD,500.16,517.5,486.8,510.13,33309248,16992046682.24
2026-06-01,AMZN,AMZN,266.285,266.63,260.7,261.26,53604380,14004680318.8
2026-06-01,AVGO,AVGO,450.09,466.05,442.22,459.97,30585993,14068639200.210001
2026-06-01,GOOGL,GOOGL,376.52,378.56,373.52,376.37,28672120,10791325804.4
2026-06-01,META,META,630.4,635.75,599.53,600.47,29138805,17496978238.350002
2026-06-01,MSFT,MSFT,464.84,466.32,458.27,460.52,53628910,24697185633.2
2026-06-01,MU,MU,1009.72,1046.97,1009.5,1035.5,46552116,48204716118.0
2026-06-01,NVDA,NVDA,215.73,224.87,215.7,224.36,212850685,47755179686.600006
2026-06-01,PLTR,PLTR,159.98,163.7,155.88,160.65,57653963,9262109155.95
2026-06-01,TSLA,TSLA,427.49,429.6,415.43,415.88,44937852,18688753889.76
2026-06-02,AMD,AMD,506.3,522.49,501.22,521.54,24293209,12669880221.859999
2026-06-02,AMZN,AMZN,257.16,261.203,254.37,256.52,41810982,10725353102.64
2026-06-02,AVGO,AVGO,488.79,488.82,470.459,481.57,38306651,18447333922.07
2026-06-02,GOOGL,GOOGL,366.59,373.54,358.44,361.85,50412300,18241690755.0
2026-06-02,META,META,603.24,608.88,596.68,597.63,18251964,10907921245.32
2026-06-02,MSFT,MSFT,446.88,453.5,440.43,441.31,37036801,16344710649.31
2026-06-02,MU,MU,1050,1076.56,1017.201,1064.1,47555370,50603669216.99999
2026-06-02,NVDA,NVDA,227.18,232.28,221.35,222.82,193362903,43085122046.46
2026-06-02,PLTR,PLTR,156.69,159.55,149.8,152.17,43163088,6568127100.959999
2026-06-02,TSLA,TSLA,418.22,424.42,413.65,423.74,37596045,15930948108.300001
2026-06-03,AMD,AMD,533.75,546.44,524.3,542.52,29411149,15956136555.48
2026-06-03,AMZN,AMZN,254.7,257.09,247.71,250.02,51394191,12849575633.82
2026-06-03,AVGO,AVGO,494.775,495,472.64,479.23,50126446,24022096716.58
2026-06-03,GOOGL,GOOGL,362.03,366.45,358.08,358.99,55441583,19902973881.170002
2026-06-03,META,META,603,624.15,600.27,622.98,23020056,14341034486.880001
2026-06-03,MSFT,MSFT,438.45,440.39,424.25,427.34,39037007,16682074571.38
2026-06-03,MU,MU,1079.01,1089.29,1038.5,1079.57,40324175,43532769604.75
2026-06-03,NVDA,NVDA,221.72,222.82,214.51,214.75,160907001,34554778464.75
2026-06-03,PLTR,PLTR,149.7,151.68,141.25,142.2,41072510,5840510922.0
2026-06-03,TSLA,TSLA,418.7,433.6,416,423.7,44500733,18854960572.1
2026-06-04,AMD,AMD,514.75,532.19,499.87,523.2,29109999,15230351476.800001
2026-06-04,AMZN,AMZN,253.12,255.83,251.75,253.79,35609769,9037403274.51
2026-06-04,AVGO,AVGO,408.99,426.48,403.01,418.91,80979446,33923099723.86
2026-06-04,GOOGL,GOOGL,358.9,373.25,358.21,372.19,44055520,16397023988.8
2026-06-04,META,META,623.67,642.4,622.43,627.57,21469248,13473455967.36
2026-06-04,MSFT,MSFT,435.81,436.15,426.41,428.05,26899511,11514335683.550001
2026-06-04,MU,MU,1007.1,1036.37,971.68,996,54917159,54697490364.0
2026-06-04,NVDA,NVDA,213.905,221.6,210.97,218.66,169022152,36958383756.32
2026-06-04,PLTR,PLTR,145.46,146.37,140.272,141.7,40834013,5786179642.099999
2026-06-04,TSLA,TSLA,419.84,426.35,417.16,418.45,35323259,14781017728.55
2026-06-05,AMD,AMD,499.525,505.62,463.95,466.38,46900606,21873504626.28
2026-06-05,AMZN,AMZN,254.255,256.38,245.78,246.03,55607844,13681197859.32
2026-06-05,AVGO,AVGO,407.605,410.5,385.59,385.73,51146089,19728580909.97
2026-06-05,GOOGL,GOOGL,366.34,372.08,364.121,368.53,37471206,13809263547.179998
2026-06-05,META,META,623.46,629.145,582.91,593,30091610,17844324730.0
2026-06-05,MSFT,MSFT,428.34,429.47,414.4,416.67,34782164,14492684273.880001
2026-06-05,MU,MU,944.4,961.89,864.01,864.01,77250536,66745235609.36
2026-06-05,NVDA,NVDA,214.53,214.87,204.33,205.1,219655531,45051349408.1
2026-06-05,PLTR,PLTR,140.325,141.97,134.025,135.53,38283521,5188565601.13
2026-06-05,TSLA,TSLA,420.5,424.68,388.59,391,63420177,24797289207.0
2026-06-08,AMD,AMD,485,494.97,477.71,490.33,25158813,12336120778.289999
2026-06-08,AMZN,AMZN,246.68,249.42,243.36,245.22,33899525,8312841520.5
2026-06-08,AVGO,AVGO,402.62,402.838,391.35,396.6,37098978,14713454674.800001
2026-06-08,GOOGL,GOOGL,365.18,366.2,360.531,363.31,27942464,10151776595.84
2026-06-08,META,META,592,592,579.22,585.39,19512436,11422384910.039999
2026-06-08,MSFT,MSFT,414.14,417.16,408.56,411.74,32086714,13211383622.36
2026-06-08,MU,MU,938.265,962.95,916.5,949.28,54097769,51353930156.32
2026-06-08,NVDA,NVDA,210.18,210.47,206,208.64,138372837,28870108711.679996
2026-06-08,PLTR,PLTR,135.68,137.76,135.28,136.47,26978870,3681806388.9
2026-06-08,TSLA,TSLA,396.33,412.94,394.72,408.95,50328834,20581976664.3
2026-06-09,AMD,AMD,502.75,505,437.23,475.505,37799812,17973999605.06
2026-06-09,AMZN,AMZN,247.73,250.43,240.4,244.19,44425363,10848229390.97
2026-06-09,AVGO,AVGO,401.61,407.87,370.33,392.16,37026896,14520467535.36
2026-06-09,GOOGL,GOOGL,367.09,372.08,357.3,364.26,29535072,10758445326.72
2026-06-09,META,META,591,597.63,581.01,584.59,16977383,9924808327.970001
2026-06-09,MSFT,MSFT,409.03,411.98,398.48,403.41,35317302,14247352799.820002
2026-06-09,MU,MU,988.175,989.15,854.35,935.89,73448646,68739853304.94
2026-06-09,NVDA,NVDA,210.615,211.4,199.34,208.19,180962450,37674572465.5
2026-06-09,PLTR,PLTR,134.87,136.99,127.35,132.07,38679990,5108466279.3
2026-06-09,TSLA,TSLA,411.03,418.5,384.24,396.68,59940230,23777090436.4
2026-06-10,AMD,AMD,467.97,477.45,448.33,452.4,27777399,12566495307.599998
2026-06-10,AMZN,AMZN,243.605,244.065,237.45,238,38590237,9184476406.0
2026-06-10,AVGO,AVGO,381.495,385.81,371.165,372.1,38193450,14211782745.0
2026-06-10,GOOGL,GOOGL,363.19,368.555,355.2,356.38,32357132,11531434702.16
2026-06-10,META,META,580.73,591.32,570.6,570.98,17064048,9743230127.04
2026-06-10,MSFT,MSFT,398.55,405.04,397.16,397.36,32576041,12944415651.76
2026-06-10,MU,MU,905.13,957.48,883.25,891.88,55712574,49688930499.12
2026-06-10,NVDA,NVDA,204.43,207.22,199.92,200.42,161746587,32417250966.539997
2026-06-10,PLTR,PLTR,129.325,133.185,128.8,130.21,30612640,3986071854.4
2026-06-10,TSLA,TSLA,391.54,397.09,380.15,381.59,49695583,18963337516.969997
2026-06-11,AMD,AMD,461.6,490.46,458.02,488.45,30463082,14879692402.9
2026-06-11,AMZN,AMZN,237.93,242.14,235.18,241.51,41335399,9982912212.49
2026-06-11,AVGO,AVGO,372.82,389.5,370.55,385.57,35187584,13567276762.88
2026-06-11,GOOGL,GOOGL,355.925,358.8,346.36,357.77,35538165,12714489292.05
2026-06-11,META,META,565.83,572.17,557.01,568.43,17627966,10020264713.38
2026-06-11,MSFT,MSFT,395.205,396.85,384,390.34,47224135,18433468855.899998
2026-06-11,MU,MU,904.37,996.77,895.5,995.87,59418902,59173501934.74
2026-06-11,NVDA,NVDA,201.49,205.66,199.54,204.87,158643204,32501233203.48
2026-06-11,PLTR,PLTR,128.78,131.52,127.17,131.08,27554474,3611840451.9200006
2026-06-11,TSLA,TSLA,388.28,399.54,380.66,399.15,45324348,18091213504.2
2026-06-12,AMD,AMD,499.685,521.71,494,511.57,31618462,16175056605.34
2026-06-12,AMZN,AMZN,243.21,243.36,233.59,238.55,51251141,12225959685.550001
2026-06-12,AVGO,AVGO,383.72,384.98,377,382.07,27630074,10556622373.18
2026-06-12,GOOGL,GOOGL,362.62,366.57,354.94,359.68,24731019,8895252913.92
2026-06-12,META,META,572.95,576.07,560.9,566.98,14347769,8134898067.62
2026-06-12,MSFT,MSFT,391.43,391.74,382.27,390.74,34922036,13645436346.64
2026-06-12,MU,MU,971.81,1012.62,960.19,981.61,40995386,40241480851.46
2026-06-12,NVDA,NVDA,204.86,207.07,203.439,205.19,112345314,23052134979.66
2026-06-12,PLTR,PLTR,130.915,131.09,126.65,127.99,35473588,4540264528.12
2026-06-12,TSLA,TSLA,399.49,406.68,386.76,406.43,63652286,25870198598.98
2026-06-15,AMD,AMD,535.75,558.37,530.5,547.26,33482425,18323591905.5
2026-06-15,AMZN,AMZN,245.02,247.805,244.73,246.02,41711576,10261881927.52
2026-06-15,AVGO,AVGO,395.51,396.2,388.6,393.94,32394178,12761362481.32
2026-06-15,GOOGL,GOOGL,367.93,372.99,366.55,369.35,27727493,10241149539.550001
2026-06-15,META,META,579.9,601.27,579.298,593.48,17653258,10476855557.84
2026-06-15,MSFT,MSFT,396.795,401.75,392.845,399.76,32266437,12898830855.119999
2026-06-15,MU,MU,1055.89,1097.47,1051.5,1087.99,44994605,48953680293.95
2026-06-15,NVDA,NVDA,208.92,212.711,208.34,212.45,149936688,31854049365.6
2026-06-15,PLTR,PLTR,130.02,134.98,129.7,134.71,41748205,5623900695.55
2026-06-15,TSLA,TSLA,412.37,416,407.1,411.15,45620514,18756874331.1
2026-06-16,AMD,AMD,546.89,548.95,507.25,507.29,28411694,14412968249.26
2026-06-16,AMZN,AMZN,248,249.51,245.451,246,35187406,8656101876.0
2026-06-16,AVGO,AVGO,390.21,391.79,376.46,376.71,31573669,11894116848.99
2026-06-16,GOOGL,GOOGL,369.6,376,367.06,373.25,24876095,9285002458.75
2026-06-16,META,META,593.65,605.81,592,600.21,11344421,6809034928.410001
2026-06-16,MSFT,MSFT,395.79,396.84,390.69,393.83,31506846,12408341160.18
2026-06-16,MU,MU,1099.7,1110.4,1020,1020.76,45499755,46444329913.8
2026-06-16,NVDA,NVDA,211.18,211.49,207.29,207.41,125694100,26070213281.0
2026-06-16,PLTR,PLTR,134.59,134.59,129.62,133.25,30409932,4052123439.0
2026-06-16,TSLA,TSLA,404.11,412.42,400.54,404.66,40255473,16289779704.18
2026-06-17,AMD,AMD,529.655,532.5,507.301,512.48,27085340,13880695043.2
2026-06-17,AMZN,AMZN,244.9,245.91,236,237.5,44780767,10635432162.5
2026-06-17,AVGO,AVGO,388.705,400.65,382.65,392.9,40005503,15718162128.699999
2026-06-17,GOOGL,GOOGL,369.125,372.33,362.02,363.79,24543644,8928732250.76
2026-06-17,META,META,592.002,593.81,566.19,567.58,20478308,11623078054.640001
2026-06-17,MSFT,MSFT,390.25,390.37,377.32,378.91,41987834,15909610180.94
2026-06-17,MU,MU,1061.3,1093.67,1014.14,1043.19,46149178,48142360997.82
2026-06-17,NVDA,NVDA,208.53,209.21,203.08,204.65,128363473,26269584749.45
2026-06-17,PLTR,PLTR,131.76,136.1,129.92,130.63,32290785,4218145244.5499997
2026-06-17,TSLA,TSLA,401.53,405.94,393.76,396.38,43534299,17256125437.62
2026-06-18,AMD,AMD,531.58,539.69,526.315,537.37,43805645,23539839453.65
2026-06-18,AMZN,AMZN,240.12,245.73,236.02,244.39,75624415,18481850781.85
2026-06-18,AVGO,AVGO,409.58,412.7,405.38,411.35,45076052,18542033990.2
2026-06-18,GOOGL,GOOGL,365.75,369.48,358.67,368.03,44470070,16366319862.099998
2026-06-18,META,META,572.82,580.215,563.1,577.22,28824630,16638152928.6
2026-06-18,MSFT,MSFT,377.82,381.37,373.28,379.4,59714157,22655551165.8
2026-06-18,MU,MU,1108.065,1149.43,1092.794,1133.99,64642538,73303991666.62
2026-06-18,NVDA,NVDA,207.33,211.39,206.5,210.69,241272013,50833600418.97
2026-06-18,PLTR,PLTR,130.84,131.43,125.01,128.47,55337987,7109271189.89
2026-06-18,TSLA,TSLA,398.095,402.52,384.7,400.49,58384713,23382493709.37
2026-06-22,AMD,AMD,545.5,562.99,535.71,551.63,25983245,14333137439.35
2026-06-22,AMZN,AMZN,240.08,242,232.24,232.79,68388526,15920164967.539999
2026-06-22,AVGO,AVGO,413.66,414.64,391.91,392.13,26403669,10353670724.97
2026-06-22,GOOGL,GOOGL,357.945,358.92,341.722,349.68,52814764,18468266675.52
2026-06-22,META,META,572.02,575.81,559.81,563.85,15405511,8686397377.35
2026-06-22,MSFT,MSFT,375.74,381.63,367.07,367.34,45171106,16593154078.039999
2026-06-22,MU,MU,1196.215,1213.56,1168.57,1211.38,53140816,64373721686.08001
2026-06-22,NVDA,NVDA,211.44,213.99,207.72,208.65,122041419,25463942074.350002
2026-06-22,PLTR,PLTR,125.74,128.87,119.2,119.5,56924493,6802476913.5
2026-06-22,TSLA,TSLA,394.85,414.75,394.4,405.05,47819486,19369282804.3
2026-06-23,AMD,AMD,509.08,528.489,506.81,519.85,30196780,15697796083.0
2026-06-23,AMZN,AMZN,232.55,236.87,232,234.11,60492560,14161913221.6
2026-06-23,AVGO,AVGO,377.865,391.02,376.664,380.15,33122248,12591422577.199999
2026-06-23,GOOGL,GOOGL,340.69,349.29,340.2,346.13,34007652,11771068586.76
2026-06-23,META,META,562.245,572.2,561.02,562.2,13103316,7366684255.200001
2026-06-23,MSFT,MSFT,372.38,377.22,370.67,373.94,40647605,15199765413.7
2026-06-23,MU,MU,1080,1125,1038.5,1051.77,60243260,63362053570.2
2026-06-23,NVDA,NVDA,202.17,203.77,200,200.04,153496196,30705379047.84
2026-06-23,PLTR,PLTR,120.15,120.94,116.18,116.7,44661865,5212039645.5
2026-06-23,TSLA,TSLA,392.61,392.87,379.06,381.61,50420210,19240856338.100002
2026-06-24,AMD,AMD,520.82,524.96,503.5,519.74,26548270,13798197849.800001
2026-06-24,AMZN,AMZN,233.845,242.42,232.95,234.27,70282581,16465100250.87
2026-06-24,AVGO,AVGO,386.62,388.74,376.96,382.07,29938732,11438691335.24
2026-06-24,GOOGL,GOOGL,349.035,353.476,341.93,345.29,44997277,15537109775.330002
2026-06-24,META,META,561.89,569.04,555.55,557.67,13963570,7787064081.9
2026-06-24,MSFT,MSFT,371.57,378.88,364.78,365.46,44509854,16266571242.839998
2026-06-24,MU,MU,1082.22,1083.32,991.1,1048.51,68935710,72279781292.1
2026-06-24,NVDA,NVDA,200.12,201.67,196.58,199,151810704,30210330096.0
2026-06-24,PLTR,PLTR,114.12,118,112.25,113.5,46520746,5280104671.0
2026-06-24,TSLA,TSLA,380.08,384.58,373.05,375.53,37081421,13925186028.13
2026-06-25,AMD,AMD,543.93,550.88,507,532.57,27115339,14440816091.230001
2026-06-25,AMZN,AMZN,232.02,232.32,225.55,227.01,77858478,17674653090.78
2026-06-25,AVGO,AVGO,386.575,388.799,372.7,378.91,23412031,8871052666.210001
2026-06-25,GOOGL,GOOGL,336.73,345.57,335.84,343.71,44564576,15317290416.96
2026-06-25,META,META,555.553,556.34,540.18,542.87,16968639,9211765053.93
2026-06-25,MSFT,MSFT,362.77,364.23,349.2,352.83,66360473,23413965688.59
2026-06-25,MU,MU,1233,1255,1136.31,1213.56,83040960,100775187417.59999
2026-06-25,NVDA,NVDA,200.08,200.8,192.13,195.74,150205647,29401253343.780003
2026-06-25,PLTR,PLTR,111.38,112.15,106.37,107.27,61840143,6633592139.61
2026-06-25,TSLA,TSLA,375.27,379.117,371.221,375.12,30259987,11351126323.44
2026-06-26,AMD,AMD,519.795,525.11,502.61,521.58,52705137,27489945356.460003
2026-06-26,AMZN,AMZN,227.205,233.9,226.125,232.69,248372085,57793700458.65
2026-06-26,AVGO,AVGO,370.45,373.69,363.83,365.02,34839253,12717024130.06
2026-06-26,GOOGL,GOOGL,342.55,346.36,330.2,337.39,114706326,38700767329.14
2026-06-26,META,META,543.34,556.85,540.4,550.25,18867706,10381955226.5
2026-06-26,MSFT,MSFT,357.15,376.61,355.43,372.97,186201631,69447622314.07
2026-06-26,MU,MU,1139.075,1198.712,1121.36,1132.33,86405307,97839321275.31
2026-06-26,NVDA,NVDA,193.12,195.55,191.22,192.53,179304147,34521427421.91
2026-06-26,PLTR,PLTR,109.04,114.08,108.47,112.93,61360496,6929440813.280001
2026-06-26,TSLA,TSLA,370.15,387.8,368.6,379.71,53434138,20289476539.98
2026-06-29,AMD,AMD,522.84,542.19,495.35,539.49,26671016,14388746421.84
2026-06-29,AMZN,AMZN,234.215,249.71,233.8,240.14,77619228,18639481411.92
2026-06-29,AVGO,AVGO,373.615,376.21,360.46,372.45,24285239,9045037265.55
2026-06-29,GOOGL,GOOGL,341.825,354.35,340.67,353.65,34172926,12085255279.9
2026-06-29,META,META,560,570.9,558,562.6,15011399,8445413077.400001
2026-06-29,MSFT,MSFT,377.5,380.5,359.9,368.57,51229885,18881798714.45
2026-06-29,MU,MU,1128.7,1148.79,1023.65,1145.28,60694113,69511753736.64
2026-06-29,NVDA,NVDA,193.85,196.18,189.8,194.97,148835724,29018501108.28
2026-06-29,PLTR,PLTR,116.23,119.08,114.7,115.7,45017376,5208510403.2
2026-06-29,TSLA,TSLA,381.79,413.27,379.3,411.84,57645798,23740845448.32
2026-06-30,AMD,AMD,545.57,584.73,545.565,580.91,34488503,20034716277.73
2026-06-30,AMZN,AMZN,237.35,241.54,237.171,238.34,66228262,15784843965.08
2026-06-30,AVGO,AVGO,374.79,379.62,370.64,377.75,28517368,10772435762.0
2026-06-30,GOOGL,GOOGL,353.865,358.62,350.4,357.37,33777039,12070900427.43
2026-06-30,META,META,560.94,565.535,551.43,563.29,18111082,10201791379.779999
2026-06-30,MSFT,MSFT,371.03,374.15,367.45,373.02,44945696,16765643521.92
2026-06-30,MU,MU,1144.73,1168.68,1124.66,1154.29,42152627,48656355819.83
2026-06-30,NVDA,NVDA,197.24,200.63,195.11,200.09,166476665,33310315899.850002
2026-06-30,PLTR,PLTR,114.95,118.7,114.57,116.67,38069685,4441590148.95
2026-06-30,TSLA,TSLA,406,424.54,406,420.6,43385619,18247991351.4
2026-07-01,AMD,AMD,557.53,564.09,538.74,540.88,28326776,15321386602.88
2026-07-01,AMZN,AMZN,239.75,244.9,234.9,241.7,53829851,13010674986.699999
2026-07-01,AVGO,AVGO,371.87,373.75,368.03,369.34,23712608,8758014638.72
2026-07-01,GOOGL,GOOGL,358.37,362.97,356.43,361.21,26258736,9484918030.56
2026-07-01,META,META,607.91,628.28,595.1,612.91,45536306,27909657310.46
2026-07-01,MSFT,MSFT,380.825,388.83,374.89,384.28,48065801,18470726008.28
2026-07-01,MU,MU,1082.01,1097,1032.2,1032.28,51328104,52984975197.119995
2026-07-01,NVDA,NVDA,196.2,199.85,193.45,197.58,146147597,28875842215.260002
2026-07-01,PLTR,PLTR,120.05,128.25,119.35,125.73,58561267,7362908099.91
2026-07-01,TSLA,TSLA,421.46,432.86,418.09,425.3,40127902,17066396720.6
2026-07-02,AMD,AMD,538.16,547.65,506,517.82,27289969,14131291747.580002
2026-07-02,AMZN,AMZN,241.605,246.72,241.08,242.67,48298137,11720508905.789999
2026-07-02,AVGO,AVGO,365.725,374,356.43,360.45,26788850,9656040982.5
2026-07-02,GOOGL,GOOGL,359.48,364.205,353.42,359.91,25431445,9153031369.95
2026-07-02,META,META,607.895,610,580.42,582.9,21719540,12660319866.0
2026-07-02,MSFT,MSFT,384.48,392.2,383.7,390.49,42148648,16458625557.52
2026-07-02,MU,MU,1041.5,1064.64,950.28,975.56,61844373,60332896523.88
2026-07-02,NVDA,NVDA,197.14,200.055,192.35,194.83,142385548,27740976316.84
2026-07-02,PLTR,PLTR,128.99,132.88,127.95,129.3,60789443,7860074979.900001
2026-07-02,TSLA,TSLA,428.01,432.35,389.301,393.45,73915762,29082156558.899998
2026-07-06,AMD,AMD,535.35,572.5,527,552.05,29557738,16317349262.899998
2026-07-06,AMZN,AMZN,243.795,246.04,240.88,244.16,40044034,9777151341.44
2026-07-06,AVGO,AVGO,373.61,383.16,371.18,373.9,24543998,9177000852.199999
2026-07-06,GOOGL,GOOGL,361.55,367.93,357.381,366.46,26298166,9637225912.359999
2026-07-06,META,META,594.84,603.58,581.76,600.29,17038590,10228095191.099998
2026-07-06,MSFT,MSFT,387.04,389.15,381.22,386.74,32112282,12419103940.68
2026-07-06,MU,MU,1007,1019,980.85,984.75,37115846,36549829348.5
2026-07-06,NVDA,NVDA,194.42,197.55,193.99,195.55,108999015,21314757383.25
2026-07-06,PLTR,PLTR,127.24,134.069,126.64,132.54,37360073,4951704075.42
2026-07-06,TSLA,TSLA,397.5,420,390.5,419.77,54727861,22973114211.969997
2026-07-07,AMD,AMD,515.91,524.97,503.11,516.11,28751045,14838701834.95
2026-07-07,AMZN,AMZN,246.975,248.93,242.7,245.98,40579603,9981770745.94
2026-07-07,AVGO,AVGO,366.555,372.96,362.01,370.78,22256837,8252390022.86
2026-07-07,GOOGL,GOOGL,369.07,373.16,365.5,367.03,23927967,8782281728.01
2026-07-07,META,META,607.59,625.37,603.66,615.58,18141429,11167500863.820002
2026-07-07,MSFT,MSFT,392.49,395.57,388.22,388.84,28960576,11261030371.84
2026-07-07,MU,MU,923.01,942.02,891.66,938.38,52367526,49140639047.88
2026-07-07,NVDA,NVDA,192.37,198.41,191.14,196.93,124154574,24449760257.82
2026-07-07,PLTR,PLTR,133.73,138.9,131.46,134.37,52570388,7063883035.56
2026-07-07,TSLA,TSLA,416.96,419.56,401.88,402.9,38149901,15370595112.9
2026-07-08,AMD,AMD,504.805,522.98,498.15,517.405,23560401,12190269279.404999
2026-07-08,AMZN,AMZN,244.27,244.8,240.52,243.62,29653043,7224074335.66
2026-07-08,AVGO,AVGO,377.52,395.09,376.89,388.69,30700953,11933153421.57
2026-07-08,GOOGL,GOOGL,364.76,367.84,358.02,361.92,21881338,7919293848.96
2026-07-08,META,META,614.385,616,598.011,603.12,13293120,8017346534.4
2026-07-08,MSFT,MSFT,384.03,385.31,381.33,383.34,24767947,9494544802.98
2026-07-08,MU,MU,902.64,959,900.41,948.8,42978962,40778439145.6
2026-07-08,NVDA,NVDA,195.18,205.16,195.06,204.12,147419133,30091193427.96
2026-07-08,PLTR,PLTR,129.49,132.39,126.71,132.22,40587821,5366521692.62
2026-07-08,TSLA,TSLA,399.375,399.63,390.51,394.06,33844906,13336923658.36
2026-07-09,AMD,AMD,537.265,559.5,535.2,546.72,26678535,14585688655.2
2026-07-09,AMZN,AMZN,239.82,247.5,238.25,247.04,38091688,9410170603.52
2026-07-09,AVGO,AVGO,402.19,407.52,387.93,401.11,27476915,11021265375.65
2026-07-09,GOOGL,GOOGL,354.31,359.65,351.08,358.89,24113811,8654205629.789999
2026-07-09,META,META,583.99,633.27,577.07,631.48,25334009,15997920003.32
2026-07-09,MSFT,MSFT,374.45,384.65,373.35,384.36,30364158,11670767768.880001
2026-07-09,MU,MU,1016.51,1035.5,987.13,991.64,41110745,40767059171.8
2026-07-09,NVDA,NVDA,204.46,204.585,198.96,202.78,132037359,26774535658.02
2026-07-09,PLTR,PLTR,127.72,129.19,124.81,129.04,35286054,4553312408.16
2026-07-09,TSLA,TSLA,393.99,407.86,390.863,406.55,37834988,15381814371.4
2026-07-10,AMD,AMD,544.005,560.25,540.05,557.89,20549294,11464245629.66
2026-07-10,AMZN,AMZN,249.55,251.03,244.41,245.34,31653997,7765991623.9800005
2026-07-10,AVGO,AVGO,398.5,402.44,395.7,399.97,13512279,5404506231.63
2026-07-10,GOOGL,GOOGL,357.525,357.82,352.75,357.18,17836838,6370961796.84
2026-07-10,META,META,660.335,677.86,658.01,669.21,40108159,26840781084.390003
2026-07-10,MSFT,MSFT,387.8,391.91,381.5,385.1,23974029,9232398567.9
2026-07-10,MU,MU,964.975,998,954.13,979.3,31768093,31110493474.899998
2026-07-10,NVDA,NVDA,202,211,201.92,210.96,148421001,31310894370.960003
2026-07-10,PLTR,PLTR,132.14,132.28,125.77,126.79,31162959,3951151571.61
2026-07-10,TSLA,TSLA,410.49,413.16,402.81,407.76,33409995,13623259561.199999
2026-07-13,AMD,AMD,537.5,551.87,526.92,534.39,22798706,12183400499.34
2026-07-13,AMZN,AMZN,244.68,249.65,244.18,247.31,34636091,8565851665.21
2026-07-13,AVGO,AVGO,393.475,395.745,383.42,384.05,19900624,7642834647.2
2026-07-13,GOOGL,GOOGL,356.19,358.13,351.75,352.51,15753706,5553338902.059999
2026-07-13,META,META,661.38,676.62,654.2,656.73,18957421,12449907093.33
2026-07-13,MSFT,MSFT,387.745,393.65,384.15,390.99,28707435,11224320010.65
2026-07-13,MU,MU,929,943.5,902.6,937,35202517,32984758429.0
2026-07-13,NVDA,NVDA,208.54,210.57,203,203.53,121019603,24631119798.59
2026-07-13,PLTR,PLTR,127.295,130.72,126.195,130.04,39708546,5163699321.84
2026-07-13,TSLA,TSLA,404.61,405.57,391.37,394.76,32809171,12951748343.96
2026-07-14,AMD,AMD,567.22,574.2,546.77,548.13,21053313,11539952454.69
2026-07-14,AMZN,AMZN,245.55,248.56,243.8,247.49,30108054,7451442284.46
2026-07-14,AVGO,AVGO,395.72,397.33,384.64,389.11,18636930,7251815832.3
2026-07-14,GOOGL,GOOGL,351.195,360.16,351.09,359.51,18166642,6531089465.42
2026-07-14,META,META,652,666.5,649.05,661.04,14963159,9891246625.359999
2026-07-14,MSFT,MSFT,382.82,388.19,378.65,384.93,26912258,10359335471.94
2026-07-14,MU,MU,988.38,994.8,950.07,983.12,30402056,29888869294.72
2026-07-14,NVDA,NVDA,208.2,212.55,203.8,211.8,122954282,26041716927.600002
2026-07-14,PLTR,PLTR,123.61,135.79,122.64,133.72,49529071,6623027374.12
2026-07-14,TSLA,TSLA,399.05,402.22,394.76,396.18,23384992,9264666130.56
2026-07-15,AMD,AMD,556.02,558.89,509.57,529.14,27699476,14656900730.64
2026-07-15,AMZN,AMZN,249.75,256.48,249.75,254.96,45240622,11534548985.12
2026-07-15,AVGO,AVGO,396.09,399,386.74,394.28,16167726,6374611007.28
2026-07-15,GOOGL,GOOGL,357.97,373.65,357.76,370.92,28116413,10428939909.960001
2026-07-15,META,META,663.6,686.08,656.66,681.31,18335295,12492019836.449999
2026-07-15,MSFT,MSFT,387.8,398.96,386.4,395.63,35838399,14178745796.369999
2026-07-15,MU,MU,975.805,978.4,873.63,904.28,53911293,48750904034.04
2026-07-15,NVDA,NVDA,211.96,213.81,206.04,212.5,122999346,26137361025.0
2026-07-15,PLTR,PLTR,134.34,136.88,132.88,133.76,25941621,3469951224.9599996
2026-07-15,TSLA,TSLA,399.395,406.59,390.66,394.46,31549805,12445136080.3
2026-07-16,AMD,AMD,509.33,518.74,491.8,500.94,26891966,13471261448.039999
2026-07-16,AMZN,AMZN,255.12,258.083,248,249.89,45343709,11330939442.01
2026-07-16,AVGO,AVGO,384.535,386.74,371.9,374.45,21924205,8209518562.25
2026-07-16,GOOGL,GOOGL,373.06,375.27,352.3,354.46,40461349,14341929766.539999
2026-07-16,META,META,677.275,681.9,660.16,664.54,15215474,10111291091.96
2026-07-16,MSFT,MSFT,398.31,405.99,392.05,401.1,36460157,14624168972.7
2026-07-16,MU,MU,866.765,887.71,840.51,853.2,45650631,38949118369.200005
2026-07-16,NVDA,NVDA,210.17,211.08,205.845,207.4,120829276,25059991842.4
2026-07-16,PLTR,PLTR,133.08,136.21,128.68,134.44,28583824,3842809298.56
2026-07-16,TSLA,TSLA,392.35,395.31,385.32,391.06,29269113,11445979329.78
2026-07-17,AMD,AMD,476.88,505.88,460.21,495.76,31339032,15536638504.32
2026-07-17,AMZN,AMZN,244.46,250.24,243.59,247.23,43533498,10762786710.539999
2026-07-17,AVGO,AVGO,366.045,377.35,357.8,370.825,22827653,8465064423.724999
2026-07-17,GOOGL,GOOGL,346,348.52,341.36,346.77,29295140,10158675697.8
2026-07-17,META,META,647.7,652.2,626,646.01,21944306,14176241119.06
2026-07-17,MSFT,MSFT,394.855,398.39,389.39,393.82,32535204,12813014039.28
2026-07-17,MU,MU,822.525,903.96,804,848.95,62574915,53122974089.25
2026-07-17,NVDA,NVDA,202.64,206.645,197.97,202.81,143445632,29092208625.920002
2026-07-17,PLTR,PLTR,131.785,134.77,129.05,132.38,31568760,4179072448.7999997
2026-07-17,TSLA,TSLA,381.78,385.69,377.22,380.84,31344832,11937365818.88
